0,0.0,0.0,0.22794117647058823,-0.26838235294117646,0.4485294117647059,-0.5257352941176471,0.5404411764705882,-0.7536764705882353,0.5294117647058824,-1.0,0.23161764705882354,-0.5514705882352942,0.7279411764705882,-0.40808823529411764,0.6323529411764706,-0.33455882352941174,0.47794117647058826,-0.3786764705882353,0.1213235294117647,-0.3235294117647059,0.6985294117647058,-0.15808823529411764,0.5625,-0.125,0.40808823529411764,-0.1801470588235294,0.07352941176470588,-0.10294117647058823,0.625,0.04044117647058824,0.5036764705882353,0.05514705882352941,0.3713235294117647,0.007352941176470588,0.06985294117647059,0.09558823529411764,0.5257352941176471,0.19117647058823528,0.4485294117647059,0.1801470588235294,0.30514705882352944,0.1323529411764706
0,0.0,0.0,0.2379182156133829,-0.26765799256505574,0.4721189591078067,-0.5278810408921933,0.5650557620817844,-0.7509293680297398,0.5464684014869888,-1.0,0.24535315985130113,-0.550185873605948,0.7434944237918215,-0.42379182156133827,0.654275092936803,-0.3420074349442379,0.4944237918215613,-0.379182156133829,0.13382899628252787,-0.3159851301115242,0.7211895910780669,-0.15985130111524162,0.5947955390334573,-0.13011152416356878,0.4349442379182156,-0.18587360594795538,0.08550185873605948,-0.08550185873605948,0.6431226765799256,0.040892193308550186,0.5315985130111525,0.055762081784386616,0.3940520446096654,0.0037174721189591076,0.07806691449814127,0.11524163568773234,0.5464684014869888,0.1970260223048327,0.4721189591078067,0.1821561338289963,0.3271375464684015,0.137546468401487
0,0.0,0.0,0.23333333333333334,-0.2740740740740741,0.4740740740740741,-0.5259259259259259,0.5703703703703704,-0.7555555555555555,0.5481481481481482,-1.0,0.25555555555555554,-0.5444444444444444,0.7592592592592593,-0.40370370370370373,0.6703703703703704,-0.3333333333333333,0.5111111111111111,-0.36666666666666664,0.14444444444444443,-0.3074074074074074,0.7333333333333333,-0.14814814814814814,0.6074074074074074,-0.12962962962962962,0.45925925925925926,-0.17407407407407408,0.1,-0.08148148148148149,0.6555555555555556,0.04814814814814815,0.5407407407407407,0.05555555555555555,0.4074074074074074,0.014814814814814815,0.08888888888888889,0.11851851851851852,0.5518518518518518,0.2,0.48148148148148145,0.18518518518518517,0.34074074074074073,0.13703703703703704
0,0.0,0.0,0.21532846715328466,-0.27007299270072993,0.45985401459854014,-0.5218978102189781,0.5656934306569343,-0.7554744525547445,0.551094890510949,-1.0,0.2591240875912409,-0.5437956204379562,0.7591240875912408,-0.40145985401459855,0.6678832116788321,-0.3284671532846715,0.5036496350364964,-0.35766423357664234,0.145985401459854,-0.31386861313868614,0.7226277372262774,-0.14963503649635038,0.6021897810218978,-0.13138686131386862,0.45255474452554745,-0.17518248175182483,0.09854014598540146,-0.08759124087591241,0.6496350364963503,0.040145985401459854,0.5401459854014599,0.04744525547445255,0.4051094890510949,0.0072992700729927005,0.09124087591240876,0.10948905109489052,0.551094890510949,0.19343065693430658,0.4781021897810219,0.17518248175182483,0.3357664233576642,0.13138686131386862
0,0.0,0.0,0.22014925373134328,-0.27611940298507465,0.45149253731343286,-0.5186567164179104,0.5485074626865671,-0.75,0.5261194029850746,-1.0,0.22014925373134328,-0.5261194029850746,0.7276119402985075,-0.376865671641791,0.6380597014925373,-0.3208955223880597,0.47761194029850745,-0.3656716417910448,0.10820895522388059,-0.2835820895522388,0.6977611940298507,-0.11940298507462686,0.5746268656716418,-0.11567164179104478,0.417910447761194,-0.16791044776119404,0.06343283582089553,-0.055970149253731345,0.6305970149253731,0.07462686567164178,0.5111940298507462,0.0708955223880597,0.373134328358209,0.022388059701492536,0.06343283582089553,0.13805970149253732,0.5298507462686567,0.22761194029850745,0.45149253731343286,0.20522388059701493,0.30223880597014924,0.15298507462686567
0,0.0,0.0,0.23272727272727273,-0.2690909090909091,0.4690909090909091,-0.5272727272727272,0.5636363636363636,-0.7563636363636363,0.5490909090909091,-1.0,0.2581818181818182,-0.56,0.7490909090909091,-0.41818181818181815,0.6581818181818182,-0.33454545454545453,0.5054545454545455,-0.3709090909090909,0.15272727272727274,-0.33090909090909093,0.7272727272727273,-0.16,0.5927272727272728,-0.13090909090909092,0.43636363636363634,-0.18545454545454546,0.10181818181818182,-0.10181818181818182,0.6472727272727272,0.03272727272727273,0.5272727272727272,0.05090909090909091,0.3927272727272727,0.0036363636363636364,0.09454545454545454,0.10181818181818182,0.5527272727272727,0.18545454545454546,0.48,0.1709090909090909,0.3418181818181818,0.12363636363636364
0,0.0,0.0,0.22592592592592592,-0.2740740740740741,0.45555555555555555,-0.5185185185185185,0.5444444444444444,-0.7481481481481481,0.5259259259259259,-1.0,0.22962962962962963,-0.5333333333333333,0.7333333333333333,-0.3962962962962963,0.6518518518518519,-0.3333333333333333,0.4925925925925926,-0.36666666666666664,0.11481481481481481,-0.2962962962962963,0.7037037037037037,-0.13333333333333333,0.5888888888888889,-0.12222222222222222,0.43333333333333335,-0.17037037037037037,0.07037037037037037,-0.06666666666666667,0.6259259259259259,0.05925925925925926,0.5222222222222223,0.05925925925925926,0.3888888888888889,0.018518518518518517,0.05925925925925926,0.12962962962962962,0.5259259259259259,0.21481481481481482,0.46296296296296297,0.1925925925925926,0.32592592592592595,0.14444444444444443
0,0.0,0.0,0.23529411764705882,-0.27205882352941174,0.4742647058823529,-0.5183823529411765,0.5698529411764706,-0.75,0.5551470588235294,-1.0,0.2647058823529412,-0.5477941176470589,0.7610294117647058,-0.39705882352941174,0.6764705882352942,-0.3161764705882353,0.5183823529411765,-0.3492647058823529,0.15073529411764705,-0.3161764705882353,0.7316176470588235,-0.13602941176470587,0.6066176470588235,-0.11397058823529412,0.4522058823529412,-0.16544117647058823,0.09926470588235294,-0.09191176470588236,0.6470588235294118,0.05514705882352941,0.5367647058823529,0.0625,0.40808823529411764,0.011029411764705883,0.08823529411764706,0.10661764705882353,0.5404411764705882,0.20588235294117646,0.4742647058823529,0.18382352941176472,0.3382352941176471,0.1323529411764706
0,0.0,0.0,0.22813688212927757,-0.27756653992395436,0.44866920152091255,-0.5171102661596958,0.5361216730038023,-0.7452471482889734,0.5133079847908745,-1.0,0.20532319391634982,-0.5133079847908745,0.7186311787072244,-0.376425855513308,0.6463878326996197,-0.33460076045627374,0.49049429657794674,-0.376425855513308,0.09125475285171103,-0.2623574144486692,0.6996197718631179,-0.11026615969581749,0.5893536121673004,-0.11787072243346007,0.43346007604562736,-0.16730038022813687,0.049429657794676805,-0.030418250950570342,0.6273764258555133,0.09505703422053231,0.5247148288973384,0.07604562737642585,0.3916349809885932,0.026615969581749048,0.045627376425855515,0.16730038022813687,0.5247148288973384,0.25475285171102663,0.4600760456273764,0.22053231939163498,0.3193916349809886,0.16730038022813687
0,0.0,0.0,0.23076923076923078,-0.27106227106227104,0.4542124542124542,-0.5238095238095238,0.5457875457875457,-0.7509157509157509,0.5311355311355311,-1.0,0.24175824175824176,-0.5457875457875457,0.7435897435897436,-0.3992673992673993,0.6556776556776557,-0.32234432234432236,0.4981684981684982,-0.3626373626373626,0.1282051282051282,-0.315018315018315,0.7106227106227107,-0.14652014652014653,0.5860805860805861,-0.12087912087912088,0.4358974358974359,-0.17216117216117216,0.07692307692307693,-0.09157509157509157,0.6336996336996337,0.05128205128205128,0.5201465201465202,0.06227106227106227,0.3956043956043956,0.007326007326007326,0.0695970695970696,0.10622710622710622,0.5347985347985348,0.20512820512820512,0.46153846153846156,0.18315018315018314,0.32234432234432236,0.1282051282051282
0,0.0,0.0,0.2379182156133829,-0.275092936802974,0.46096654275092935,-0.516728624535316,0.5390334572490706,-0.7434944237918215,0.5092936802973977,-1.0,0.22304832713754646,-0.5278810408921933,0.7323420074349443,-0.379182156133829,0.6505576208178439,-0.3048327137546468,0.48698884758364314,-0.3382899628252788,0.10780669144981413,-0.2825278810408922,0.7026022304832714,-0.11895910780669144,0.5836431226765799,-0.10408921933085502,0.4312267657992565,-0.15613382899628253,0.06319702602230483,-0.05204460966542751,0.6245353159851301,0.08178438661710037,0.516728624535316,0.08178438661710037,0.38661710037174724,0.02973977695167286,0.055762081784386616,0.1524163568773234,0.5278810408921933,0.2379182156133829,0.45724907063197023,0.21189591078066913,0.3159851301115242,0.15985130111524162
0,0.0,0.0,0.22556390977443608,-0.2744360902255639,0.44360902255639095,-0.518796992481203,0.518796992481203,-0.7481203007518797,0.4849624060150376,-1.0,0.19548872180451127,-0.5075187969924813,0.7105263157894737,-0.37593984962406013,0.6278195488721805,-0.30451127819548873,0.45864661654135336,-0.34210526315789475,0.08646616541353383,-0.2556390977443609,0.6804511278195489,-0.10902255639097744,0.5676691729323309,-0.09398496240601503,0.41353383458646614,-0.14285714285714285,0.04887218045112782,-0.02631578947368421,0.6090225563909775,0.09398496240601503,0.5,0.09398496240601503,0.36466165413533835,0.041353383458646614,0.05263157894736842,0.17293233082706766,0.518796992481203,0.2518796992481203,0.45112781954887216,0.23308270676691728,0.30451127819548873,0.18421052631578946
0,0.0,0.0,0.22939068100358423,-0.26881720430107525,0.4444444444444444,-0.5268817204301075,0.5232974910394266,-0.7562724014336918,0.4982078853046595,-1.0,0.22939068100358423,-0.5412186379928315,0.7132616487455197,-0.4050179211469534,0.6308243727598566,-0.3225806451612903,0.46953405017921146,-0.3655913978494624,0.12903225806451613,-0.30824372759856633,0.6953405017921147,-0.16129032258064516,0.5734767025089605,-0.12544802867383512,0.41935483870967744,-0.17562724014336917,0.08602150537634409,-0.08602150537634409,0.6200716845878136,0.02867383512544803,0.5017921146953405,0.04659498207885305,0.36917562724014336,0.0,0.08602150537634409,0.1111111111111111,0.5304659498207885,0.17562724014336917,0.45161290322580644,0.16487455197132617,0.3046594982078853,0.12186379928315412
0,0.0,0.0,0.22382671480144403,-0.2779783393501805,0.44404332129963897,-0.5306859205776173,0.5270758122743683,-0.7617328519855595,0.49458483754512633,-1.0,0.21660649819494585,-0.5342960288808665,0.703971119133574,-0.4007220216606498,0.6137184115523465,-0.33212996389891697,0.4548736462093863,-0.37906137184115524,0.11191335740072202,-0.296028880866426,0.6787003610108303,-0.1552346570397112,0.5595667870036101,-0.13357400722021662,0.4151624548736462,-0.18050541516245489,0.07942238267148015,-0.06859205776173286,0.6137184115523465,0.036101083032490974,0.5054151624548736,0.04332129963898917,0.37184115523465705,0.0036101083032490976,0.07942238267148015,0.1263537906137184,0.5306859205776173,0.19133574007220217,0.4620938628158845,0.17689530685920576,0.3212996389891697,0.13357400722021662
0,0.0,0.0,0.21505376344086022,-0.2831541218637993,0.43010752688172044,-0.5304659498207885,0.5089605734767025,-0.7598566308243727,0.4731182795698925,-1.0,0.2007168458781362,-0.5197132616487455,0.6845878136200717,-0.3942652329749104,0.5913978494623656,-0.32616487455197135,0.43010752688172044,-0.36917562724014336,0.0967741935483871,-0.2867383512544803,0.6594982078853047,-0.14695340501792115,0.5412186379928315,-0.12544802867383512,0.3906810035842294,-0.17562724014336917,0.06093189964157706,-0.06810035842293907,0.5949820788530465,0.04659498207885305,0.4838709677419355,0.053763440860215055,0.3548387096774194,0.0035842293906810036,0.06451612903225806,0.12544802867383512,0.5053763440860215,0.2007168458781362,0.43727598566308246,0.17562724014336917,0.3010752688172043,0.12544802867383512
0,0.0,0.0,0.21245421245421245,-0.28205128205128205,0.41025641025641024,-0.5347985347985348,0.4835164835164835,-0.7619047619047619,0.45054945054945056,-1.0,0.16483516483516483,-0.5128205128205128,0.6556776556776557,-0.38461538461538464,0.5641025641025641,-0.31868131868131866,0.3992673992673993,-0.36996336996337,0.05860805860805861,-0.27472527472527475,0.6373626373626373,-0.13553113553113552,0.5128205128205128,-0.12087912087912088,0.358974358974359,-0.17582417582417584,0.02197802197802198,-0.054945054945054944,0.575091575091575,0.06593406593406594,0.45787545787545786,0.06593406593406594,0.326007326007326,0.018315018315018316,0.03296703296703297,0.1391941391941392,0.48717948717948717,0.21978021978021978,0.4139194139194139,0.1978021978021978,0.27106227106227104,0.14652014652014653
0,0.0,0.0,0.2066420664206642,-0.2767527675276753,0.3726937269372694,-0.5387453874538746,0.4059040590405904,-0.7601476014760148,0.3800738007380074,-1.0,0.11439114391143912,-0.5202952029520295,0.6088560885608856,-0.3763837638376384,0.5313653136531366,-0.3062730627306273,0.36900369003690037,-0.35793357933579334,-0.0036900369003690036,-0.28044280442804426,0.5682656826568265,-0.14022140221402213,0.47601476014760147,-0.12546125461254612,0.33210332103321033,-0.17343173431734318,-0.04428044280442804,-0.055350553505535055,0.5018450184501845,0.06642066420664207,0.4317343173431734,0.06642066420664207,0.3173431734317343,0.014760147601476014,-0.02952029520295203,0.14022140221402213,0.41697416974169743,0.22878228782287824,0.3726937269372694,0.2066420664206642,0.24723247232472326,0.15498154981549817
0,0.0,0.0,0.20300751879699247,-0.2669172932330827,0.3308270676691729,-0.5263157894736842,0.34962406015037595,-0.7443609022556391,0.33458646616541354,-1.0,0.05639097744360902,-0.4774436090225564,0.5488721804511278,-0.3533834586466165,0.48872180451127817,-0.2781954887218045,0.3308270676691729,-0.31954887218045114,-0.05263157894736842,-0.24060150375939848,0.518796992481203,-0.10150375939849623,0.4323308270676692,-0.09398496240601503,0.2894736842105263,-0.14285714285714285,-0.08646616541353383,-0.011278195488721804,0.45112781954887216,0.12030075187969924,0.37969924812030076,0.10526315789473684,0.2518796992481203,0.045112781954887216,-0.07142857142857142,0.18045112781954886,0.35714285714285715,0.2894736842105263,0.31203007518796994,0.2669172932330827,0.16541353383458646,0.21804511278195488
0,0.0,0.0,0.1510791366906475,-0.26618705035971224,0.24100719424460432,-0.5323741007194245,0.2589928057553957,-0.7553956834532374,0.23381294964028776,-1.0,-0.039568345323741004,-0.5071942446043165,0.45323741007194246,-0.381294964028777,0.4028776978417266,-0.31654676258992803,0.23381294964028776,-0.3489208633093525,-0.14028776978417265,-0.29136690647482016,0.4172661870503597,-0.14028776978417265,0.3381294964028777,-0.14028776978417265,0.17985611510791366,-0.18705035971223022,-0.16546762589928057,-0.06474820143884892,0.35611510791366907,0.07194244604316546,0.29136690647482016,0.05755395683453238,0.15467625899280577,0.0,-0.14388489208633093,0.12949640287769784,0.2697841726618705,0.24100719424460432,0.2517985611510791,0.20863309352517986,0.1223021582733813,0.1618705035971223
0,0.0,0.0,0.13805970149253732,-0.2574626865671642,0.20522388059701493,-0.5223880597014925,0.208955223880597,-0.753731343283582,0.17537313432835822,-1.0,-0.13432835820895522,-0.503731343283582,0.3843283582089552,-0.33955223880597013,0.35074626865671643,-0.27238805970149255,0.1828358208955224,-0.2873134328358209,-0.2462686567164179,-0.26865671641791045,0.3619402985074627,-0.11194029850746269,0.30597014925373134,-0.11194029850746269,0.1417910447761194,-0.1455223880597015,-0.26492537313432835,-0.033582089552238806,0.2947761194029851,0.09328358208955224,0.26119402985074625,0.0708955223880597,0.12686567164179105,0.022388059701492536,-0.2462686567164179,0.17164179104477612,0.208955223880597,0.27238805970149255,0.208955223880597,0.22761194029850745,0.09701492537313433,0.19029850746268656
0,0.0,0.0,0.1522633744855967,-0.2551440329218107,0.23868312757201646,-0.51440329218107,0.25102880658436216,-0.7325102880658436,0.2139917695473251,-1.0,-0.0823045267489712,-0.5020576131687243,0.4897119341563786,-0.2716049382716049,0.43209876543209874,-0.24691358024691357,0.2674897119341564,-0.2839506172839506,-0.20164609053497942,-0.2222222222222222,0.48148148148148145,-0.024691358024691357,0.36213991769547327,-0.06584362139917696,0.14814814814814814,-0.11522633744855967,-0.22633744855967078,0.04938271604938271,0.4074074074074074,0.2139917695473251,0.32098765432098764,0.1646090534979424,0.13991769547325103,0.09053497942386832,-0.21810699588477367,0.3004115226337449,0.3045267489711934,0.40329218106995884,0.2674897119341564,0.3333333333333333,0.12345679012345678,0.27983539094650206
0,0.0,0.0,0.1522633744855967,-0.25102880658436216,0.22633744855967078,-0.5061728395061729,0.2345679012345679,-0.7283950617283951,0.19753086419753085,-1.0,-0.10699588477366255,-0.49794238683127573,0.4567901234567901,-0.2674897119341564,0.3950617283950617,-0.25102880658436216,0.22633744855967078,-0.2880658436213992,-0.22633744855967078,-0.21810699588477367,0.45267489711934156,-0.01646090534979424,0.3374485596707819,-0.06172839506172839,0.12757201646090535,-0.11522633744855967,-0.2551440329218107,0.04938271604938271,0.3786008230452675,0.21810699588477367,0.2880658436213992,0.16049382716049382,0.1111111111111111,0.08641975308641975,-0.23868312757201646,0.3045267489711934,0.2674897119341564,0.411522633744856,0.22633744855967078,0.34156378600823045,0.08641975308641975,0.2757201646090535
0,0.0,0.0,0.15702479338842976,-0.25206611570247933,0.22727272727272727,-0.5082644628099173,0.23140495867768596,-0.731404958677686,0.18181818181818182,-1.0,-0.12396694214876033,-0.49173553719008267,0.45454545454545453,-0.2768595041322314,0.41735537190082644,-0.2396694214876033,0.256198347107438,-0.26859504132231404,-0.24793388429752067,-0.21074380165289255,0.4462809917355372,-0.024793388429752067,0.33884297520661155,-0.05785123966942149,0.12396694214876033,-0.09504132231404959,-0.2727272727272727,0.05785123966942149,0.3677685950413223,0.21487603305785125,0.2892561983471074,0.1652892561983471,0.10330578512396695,0.09917355371900827,-0.2603305785123967,0.30991735537190085,0.256198347107438,0.4049586776859504,0.2231404958677686,0.34297520661157027,0.07851239669421488,0.29338842975206614
0,0.0,0.0,0.1510204081632653,-0.2530612244897959,0.22448979591836735,-0.5061224489795918,0.2163265306122449,-0.7306122448979592,0.15510204081632653,-1.0,-0.12653061224489795,-0.49387755102040815,0.4,-0.2693877551020408,0.34285714285714286,-0.2612244897959184,0.1836734693877551,-0.30612244897959184,-0.2530612244897959,-0.21224489795918366,0.4122448979591837,-0.02040816326530612,0.31020408163265306,-0.061224489795918366,0.09387755102040816,-0.11020408163265306,-0.2857142857142857,0.05714285714285714,0.33877551020408164,0.22448979591836735,0.2612244897959184,0.16326530612244897,0.07346938775510205,0.08163265306122448,-0.27346938775510204,0.31020408163265306,0.22857142857142856,0.4122448979591837,0.2,0.3510204081632653,0.05714285714285714,0.2979591836734694
0,0.0,0.0,0.15163934426229508,-0.25,0.22540983606557377,-0.5040983606557377,0.22540983606557377,-0.7336065573770492,0.16393442622950818,-1.0,-0.12295081967213115,-0.48770491803278687,0.4057377049180328,-0.26229508196721313,0.3483606557377049,-0.2581967213114754,0.19262295081967212,-0.3114754098360656,-0.2540983606557377,-0.20081967213114754,0.4180327868852459,-0.00819672131147541,0.3073770491803279,-0.05327868852459016,0.08196721311475409,-0.10655737704918032,-0.2827868852459016,0.06557377049180328,0.3442622950819672,0.22950819672131148,0.26229508196721313,0.1721311475409836,0.06967213114754098,0.09016393442622951,-0.27459016393442626,0.3155737704918033,0.22950819672131148,0.4139344262295082,0.20081967213114754,0.36065573770491804,0.05737704918032787,0.3114754098360656
0,0.0,0.0,0.1646090534979424,-0.25102880658436216,0.23868312757201646,-0.5061728395061729,0.23045267489711935,-0.7325102880658436,0.1646090534979424,-1.0,-0.12345679012345678,-0.4897119341563786,0.4074074074074074,-0.27983539094650206,0.345679012345679,-0.27983539094650206,0.18930041152263374,-0.32510288065843623,-0.25925925925925924,-0.20987654320987653,0.4279835390946502,-0.012345679012345678,0.31275720164609055,-0.06584362139917696,0.08641975308641975,-0.11934156378600823,-0.29218106995884774,0.06172839506172839,0.35390946502057613,0.22633744855967078,0.26337448559670784,0.1646090534979424,0.06584362139917696,0.07818930041152264,-0.27983539094650206,0.31275720164609055,0.2345679012345679,0.4156378600823045,0.20164609053497942,0.35390946502057613,0.04938271604938271,0.3004115226337449
0,0.0,0.0,0.1557377049180328,-0.2540983606557377,0.2336065573770492,-0.5,0.22950819672131148,-0.7254098360655737,0.1721311475409836,-1.0,-0.12295081967213115,-0.4959016393442623,0.4139344262295082,-0.27049180327868855,0.36065573770491804,-0.26229508196721313,0.20081967213114754,-0.3073770491803279,-0.2581967213114754,-0.20901639344262296,0.430327868852459,-0.012295081967213115,0.3237704918032787,-0.06147540983606557,0.10655737704918032,-0.11475409836065574,-0.28688524590163933,0.06147540983606557,0.3524590163934426,0.22950819672131148,0.27049180327868855,0.1598360655737705,0.0778688524590164,0.07377049180327869,-0.27459016393442626,0.3155737704918033,0.23770491803278687,0.4139344262295082,0.20901639344262296,0.3483606557377049,0.06147540983606557,0.29098360655737704
0,0.0,0.0,0.1598360655737705,-0.2540983606557377,0.23770491803278687,-0.5040983606557377,0.24180327868852458,-0.7295081967213115,0.18442622950819673,-1.0,-0.11065573770491803,-0.48360655737704916,0.4262295081967213,-0.26639344262295084,0.36885245901639346,-0.26229508196721313,0.20901639344262296,-0.3114754098360656,-0.24180327868852458,-0.20081967213114754,0.4426229508196721,-0.00819672131147541,0.3319672131147541,-0.05737704918032787,0.11065573770491803,-0.11065573770491803,-0.27459016393442626,0.06967213114754098,0.36475409836065575,0.2336065573770492,0.2786885245901639,0.1680327868852459,0.08196721311475409,0.0860655737704918,-0.26229508196721313,0.319672131147541,0.2459016393442623,0.4180327868852459,0.21721311475409835,0.35655737704918034,0.07377049180327869,0.30327868852459017
0,0.0,0.0,0.1646090534979424,-0.2551440329218107,0.25925925925925924,-0.5020576131687243,0.2716049382716049,-0.7242798353909465,0.21810699588477367,-1.0,-0.0823045267489712,-0.4732510288065844,0.46502057613168724,-0.24691358024691357,0.40329218106995884,-0.24691358024691357,0.23868312757201646,-0.29218106995884774,-0.2139917695473251,-0.18518518518518517,0.4773662551440329,0.00411522633744856,0.36213991769547327,-0.04938271604938271,0.1440329218106996,-0.09876543209876543,-0.24691358024691357,0.0823045267489712,0.3991769547325103,0.24279835390946503,0.31275720164609055,0.17695473251028807,0.11522633744855967,0.09053497942386832,-0.23868312757201646,0.3292181069958848,0.2757201646090535,0.4279835390946502,0.24691358024691357,0.36213991769547327,0.09876543209876543,0.30864197530864196
0,0.0,0.0,0.16260162601626016,-0.25609756097560976,0.24796747967479674,-0.508130081300813,0.25203252032520324,-0.7235772357723578,0.2032520325203252,-1.0,-0.1016260162601626,-0.4878048780487805,0.45528455284552843,-0.2682926829268293,0.3983739837398374,-0.25203252032520324,0.23577235772357724,-0.2886178861788618,-0.22764227642276422,-0.2073170731707317,0.45528455284552843,-0.016260162601626018,0.34146341463414637,-0.06097560975609756,0.12195121951219512,-0.10975609756097561,-0.26422764227642276,0.056910569105691054,0.37398373983739835,0.22357723577235772,0.2926829268292683,0.16666666666666666,0.1016260162601626,0.09349593495934959,-0.25609756097560976,0.3089430894308943,0.25203252032520324,0.4105691056910569,0.22357723577235772,0.34552845528455284,0.08130081300813008,0.2926829268292683
0,0.0,0.0,0.1680327868852459,-0.2540983606557377,0.2540983606557377,-0.5081967213114754,0.26229508196721313,-0.7254098360655737,0.20491803278688525,-1.0,-0.09016393442622951,-0.48770491803278687,0.46311475409836067,-0.2581967213114754,0.4098360655737705,-0.25,0.2459016393442623,-0.29098360655737704,-0.22540983606557377,-0.20491803278688525,0.45901639344262296,-0.004098360655737705,0.3483606557377049,-0.05327868852459016,0.12295081967213115,-0.10245901639344263,-0.26229508196721313,0.06147540983606557,0.3770491803278688,0.2336065573770492,0.28688524590163933,0.1762295081967213,0.0942622950819672,0.0942622950819672,-0.2540983606557377,0.3155737704918033,0.25,0.42213114754098363,0.20901639344262296,0.35655737704918034,0.06147540983606557,0.30327868852459017
0,0.0,0.0,0.1680327868852459,-0.2540983606557377,0.2581967213114754,-0.5040983606557377,0.27049180327868855,-0.7254098360655737,0.22131147540983606,-1.0,-0.0860655737704918,-0.48770491803278687,0.47950819672131145,-0.26229508196721313,0.42213114754098363,-0.2459016393442623,0.2540983606557377,-0.2827868852459016,-0.22131147540983606,-0.20491803278688525,0.4713114754098361,-0.00819672131147541,0.35655737704918034,-0.05327868852459016,0.13524590163934427,-0.10245901639344263,-0.2540983606557377,0.06147540983606557,0.38524590163934425,0.22950819672131148,0.29918032786885246,0.1721311475409836,0.10655737704918032,0.0942622950819672,-0.25,0.3114754098360656,0.2540983606557377,0.4180327868852459,0.21721311475409835,0.3524590163934426,0.07377049180327869,0.29918032786885246
0,0.0,0.0,0.1721311475409836,-0.2581967213114754,0.26639344262295084,-0.5081967213114754,0.2786885245901639,-0.7254098360655737,0.22950819672131148,-1.0,-0.06557377049180328,-0.47950819672131145,0.48770491803278687,-0.2581967213114754,0.430327868852459,-0.2459016393442623,0.26639344262295084,-0.28688524590163933,-0.20081967213114754,-0.20491803278688525,0.48360655737704916,-0.004098360655737705,0.36885245901639346,-0.05327868852459016,0.15163934426229508,-0.10655737704918032,-0.23770491803278687,0.06147540983606557,0.4016393442622951,0.2336065573770492,0.3114754098360656,0.1721311475409836,0.12295081967213115,0.09016393442622951,-0.2336065573770492,0.3114754098360656,0.27459016393442626,0.42213114754098363,0.23770491803278687,0.3483606557377049,0.0942622950819672,0.29508196721311475
0,0.0,0.0,0.1721311475409836,-0.2581967213114754,0.26229508196721313,-0.5122950819672131,0.2786885245901639,-0.7336065573770492,0.2336065573770492,-1.0,-0.0778688524590164,-0.48360655737704916,0.4918032786885246,-0.25,0.4426229508196721,-0.2336065573770492,0.2786885245901639,-0.27459016393442626,-0.20491803278688525,-0.20901639344262296,0.47950819672131145,-0.00819672131147541,0.36885245901639346,-0.05327868852459016,0.15163934426229508,-0.10655737704918032,-0.23770491803278687,0.05737704918032787,0.4016393442622951,0.22540983606557377,0.3155737704918033,0.1721311475409836,0.13114754098360656,0.0942622950819672,-0.22950819672131148,0.30327868852459017,0.28688524590163933,0.4139344262295082,0.2540983606557377,0.3442622950819672,0.11065573770491803,0.28688524590163933
0,0.0,0.0,0.1673469387755102,-0.2530612244897959,0.2530612244897959,-0.5061224489795918,0.2653061224489796,-0.726530612244898,0.22040816326530613,-1.0,-0.08979591836734693,-0.4816326530612245,0.4897959183673469,-0.2530612244897959,0.44081632653061226,-0.22448979591836735,0.27346938775510204,-0.2530612244897959,-0.22040816326530613,-0.20816326530612245,0.47346938775510206,-0.00816326530612245,0.35918367346938773,-0.04897959183673469,0.1469387755102041,-0.09387755102040816,-0.24897959183673468,0.061224489795918366,0.3877551020408163,0.23265306122448978,0.30612244897959184,0.17551020408163265,0.12244897959183673,0.10204081632653061,-0.24081632653061225,0.31020408163265306,0.27346938775510204,0.4204081632653061,0.23673469387755103,0.3469387755102041,0.09387755102040816,0.2897959183673469
0,0.0,0.0,0.16194331983805668,-0.2591093117408907,0.242914979757085,-0.5101214574898786,0.25101214574898784,-0.7327935222672065,0.19838056680161945,-1.0,-0.09716599190283401,-0.48582995951417,0.4574898785425101,-0.2631578947368421,0.4089068825910931,-0.242914979757085,0.24696356275303644,-0.2793522267206478,-0.22672064777327935,-0.21052631578947367,0.4534412955465587,-0.016194331983805668,0.3441295546558704,-0.06072874493927125,0.12955465587044535,-0.10931174089068826,-0.2591093117408907,0.05263157894736842,0.3765182186234818,0.21862348178137653,0.291497975708502,0.1659919028340081,0.10121457489878542,0.08502024291497975,-0.25101214574898784,0.29959514170040485,0.2550607287449393,0.4048582995951417,0.22267206477732793,0.340080971659919,0.07692307692307693,0.2874493927125506
0,0.0,0.0,0.15853658536585366,-0.25609756097560976,0.23170731707317074,-0.5121951219512195,0.23170731707317074,-0.7317073170731707,0.18292682926829268,-1.0,-0.11382113821138211,-0.483739837398374,0.43902439024390244,-0.2601626016260163,0.3983739837398374,-0.23577235772357724,0.23983739837398374,-0.2682926829268293,-0.24390243902439024,-0.2073170731707317,0.43089430894308944,-0.008130081300813009,0.32926829268292684,-0.052845528455284556,0.11788617886178862,-0.1016260162601626,-0.2764227642276423,0.06097560975609756,0.35365853658536583,0.22764227642276422,0.2764227642276423,0.17073170731707318,0.08943089430894309,0.09349593495934959,-0.2682926829268293,0.3089430894308943,0.23170731707317074,0.4105691056910569,0.2073170731707317,0.34552845528455284,0.07317073170731707,0.2967479674796748
0,0.0,0.0,0.1532258064516129,-0.24596774193548387,0.22983870967741934,-0.4959677419354839,0.22983870967741934,-0.7298387096774194,0.1814516129032258,-1.0,-0.10483870967741936,-0.46774193548387094,0.41935483870967744,-0.2540322580645161,0.3548387096774194,-0.25,0.1975806451612903,-0.29838709677419356,-0.23790322580645162,-0.18951612903225806,0.43548387096774194,0.0,0.31451612903225806,-0.05241935483870968,0.0967741935483871,-0.10483870967741936,-0.2701612903225806,0.07258064516129033,0.3588709677419355,0.22983870967741934,0.2661290322580645,0.17338709677419356,0.07661290322580645,0.09274193548387097,-0.25806451612903225,0.3185483870967742,0.24193548387096775,0.4112903225806452,0.20161290322580644,0.35080645161290325,0.06048387096774194,0.3024193548387097
0,0.0,0.0,0.16115702479338842,-0.256198347107438,0.25206611570247933,-0.5041322314049587,0.2603305785123967,-0.7272727272727273,0.21074380165289255,-1.0,-0.09504132231404959,-0.4793388429752066,0.45041322314049587,-0.256198347107438,0.384297520661157,-0.24793388429752067,0.2231404958677686,-0.2892561983471074,-0.22727272727272727,-0.19008264462809918,0.45454545454545453,0.0,0.33884297520661155,-0.049586776859504134,0.11983471074380166,-0.09917355371900827,-0.2603305785123967,0.07851239669421488,0.3760330578512397,0.2396694214876033,0.2892561983471074,0.17355371900826447,0.09917355371900827,0.09504132231404959,-0.25206611570247933,0.32644628099173556,0.25206611570247933,0.41735537190082644,0.2190082644628099,0.359504132231405,0.07851239669421488,0.3181818181818182
0,0.0,0.0,0.16049382716049382,-0.25102880658436216,0.24691358024691357,-0.5020576131687243,0.25102880658436216,-0.7283950617283951,0.1934156378600823,-1.0,-0.09876543209876543,-0.4691358024691358,0.43621399176954734,-0.2345679012345679,0.3786008230452675,-0.23868312757201646,0.2222222222222222,-0.2880658436213992,-0.22633744855967078,-0.18106995884773663,0.448559670781893,0.012345679012345678,0.345679012345679,-0.0411522633744856,0.13168724279835392,-0.09053497942386832,-0.26337448559670784,0.08641975308641975,0.37037037037037035,0.25102880658436216,0.2880658436213992,0.18106995884773663,0.102880658436214,0.09876543209876543,-0.2551440329218107,0.3333333333333333,0.25102880658436216,0.43209876543209874,0.21810699588477367,0.3662551440329218,0.07818930041152264,0.31275720164609055
0,0.0,0.0,0.1625,-0.25416666666666665,0.25416666666666665,-0.5,0.25833333333333336,-0.7291666666666666,0.2,-1.0,-0.1,-0.4791666666666667,0.44583333333333336,-0.24583333333333332,0.38333333333333336,-0.25,0.225,-0.3,-0.23333333333333334,-0.1875,0.45416666666666666,0.008333333333333333,0.3416666666666667,-0.05,0.125,-0.10416666666666667,-0.2708333333333333,0.0875,0.375,0.25,0.2916666666666667,0.175,0.09583333333333334,0.0875,-0.25833333333333336,0.3375,0.25,0.43333333333333335,0.21666666666666667,0.36666666666666664,0.07083333333333333,0.3125
0,0.0,0.0,0.15789473684210525,-0.2550607287449393,0.242914979757085,-0.5020242914979757,0.24696356275303644,-0.728744939271255,0.1902834008097166,-1.0,-0.10121457489878542,-0.48582995951417,0.4331983805668016,-0.2631578947368421,0.3724696356275304,-0.2631578947368421,0.2145748987854251,-0.3076923076923077,-0.23481781376518218,-0.20647773279352227,0.43724696356275305,-0.012145748987854251,0.32793522267206476,-0.06477732793522267,0.10931174089068826,-0.11740890688259109,-0.27125506072874495,0.06072874493927125,0.3603238866396761,0.22672064777327935,0.2793522267206478,0.15384615384615385,0.08502024291497975,0.06882591093117409,-0.2631578947368421,0.3076923076923077,0.242914979757085,0.4048582995951417,0.20647773279352227,0.340080971659919,0.06477732793522267,0.2874493927125506
0,0.0,0.0,0.156,-0.256,0.232,-0.504,0.236,-0.728,0.188,-1.0,-0.112,-0.48,0.42,-0.256,0.368,-0.248,0.212,-0.292,-0.236,-0.2,0.432,-0.016,0.328,-0.06,0.116,-0.104,-0.268,0.06,0.356,0.216,0.28,0.16,0.096,0.088,-0.26,0.304,0.24,0.396,0.216,0.336,0.084,0.292
0,0.0,0.0,0.16326530612244897,-0.2571428571428571,0.24897959183673468,-0.5061224489795918,0.24897959183673468,-0.726530612244898,0.19183673469387755,-1.0,-0.11020408163265306,-0.4775510204081633,0.4326530612244898,-0.2571428571428571,0.37551020408163266,-0.2571428571428571,0.2163265306122449,-0.3020408163265306,-0.24081632653061225,-0.19183673469387755,0.44081632653061226,-0.00816326530612245,0.3346938775510204,-0.05714285714285714,0.12244897959183673,-0.11020408163265306,-0.27346938775510204,0.07346938775510205,0.363265306122449,0.23265306122448978,0.2857142857142857,0.1673469387755102,0.09795918367346938,0.08571428571428572,-0.2612244897959184,0.3224489795918367,0.24081632653061225,0.4163265306122449,0.21224489795918366,0.3510204081632653,0.07346938775510205,0.3020408163265306
0,0.0,0.0,0.16597510373443983,-0.2572614107883817,0.24896265560165975,-0.5062240663900415,0.24896265560165975,-0.7302904564315352,0.18672199170124482,-1.0,-0.11618257261410789,-0.4730290456431535,0.4315352697095436,-0.25311203319502074,0.3775933609958506,-0.24896265560165975,0.21991701244813278,-0.2987551867219917,-0.24896265560165975,-0.1825726141078838,0.44398340248962653,0.008298755186721992,0.34024896265560167,-0.04564315352697095,0.12448132780082988,-0.0995850622406639,-0.2821576763485477,0.08713692946058091,0.3651452282157676,0.24481327800829875,0.29045643153526973,0.17842323651452283,0.0912863070539419,0.0954356846473029,-0.2697095435684647,0.33195020746887965,0.24481327800829875,0.4315352697095436,0.22406639004149378,0.3651452282157676,0.07883817427385892,0.3112033195020747
0,0.0,0.0,0.16049382716049382,-0.2551440329218107,0.24691358024691357,-0.5020576131687243,0.2551440329218107,-0.7283950617283951,0.20164609053497942,-1.0,-0.09876543209876543,-0.48148148148148145,0.4567901234567901,-0.26337448559670784,0.3950617283950617,-0.25102880658436216,0.23045267489711935,-0.2962962962962963,-0.23045267489711935,-0.18930041152263374,0.4609053497942387,-0.00411522633744856,0.3497942386831276,-0.053497942386831275,0.13168724279835392,-0.10699588477366255,-0.26337448559670784,0.0823045267489712,0.38271604938271603,0.23868312757201646,0.29218106995884774,0.1728395061728395,0.09053497942386832,0.08641975308641975,-0.25102880658436216,0.3292181069958848,0.25925925925925924,0.42386831275720166,0.2222222222222222,0.36213991769547327,0.06995884773662552,0.31275720164609055
0,0.0,0.0,0.17073170731707318,-0.25203252032520324,0.25609756097560976,-0.5040650406504065,0.26422764227642276,-0.7276422764227642,0.2032520325203252,-1.0,-0.08943089430894309,-0.483739837398374,0.45528455284552843,-0.25203252032520324,0.4024390243902439,-0.24796747967479674,0.24390243902439024,-0.2926829268292683,-0.22357723577235772,-0.2032520325203252,0.45934959349593496,-0.0040650406504065045,0.34959349593495936,-0.04878048780487805,0.12601626016260162,-0.1016260162601626,-0.26422764227642276,0.06504065040650407,0.3780487804878049,0.23170731707317074,0.2926829268292683,0.17073170731707318,0.1016260162601626,0.08943089430894309,-0.2601626016260163,0.3089430894308943,0.25203252032520324,0.4105691056910569,0.21951219512195122,0.34959349593495936,0.08130081300813008,0.3008130081300813
0,0.0,0.0,0.16666666666666666,-0.25609756097560976,0.25609756097560976,-0.508130081300813,0.2601626016260163,-0.7235772357723578,0.21138211382113822,-1.0,-0.08943089430894309,-0.491869918699187,0.45934959349593496,-0.2601626016260163,0.3983739837398374,-0.25609756097560976,0.23577235772357724,-0.3008130081300813,-0.22357723577235772,-0.2073170731707317,0.4634146341463415,-0.008130081300813009,0.34146341463414637,-0.056910569105691054,0.11788617886178862,-0.10975609756097561,-0.25609756097560976,0.056910569105691054,0.3821138211382114,0.23170731707317074,0.2886178861788618,0.17073170731707318,0.09349593495934959,0.08536585365853659,-0.25203252032520324,0.3089430894308943,0.25609756097560976,0.4146341463414634,0.21138211382113822,0.34552845528455284,0.056910569105691054,0.2886178861788618
0,0.0,0.0,0.16666666666666666,-0.25203252032520324,0.24796747967479674,-0.508130081300813,0.25203252032520324,-0.7276422764227642,0.1951219512195122,-1.0,-0.10569105691056911,-0.483739837398374,0.44715447154471544,-0.25609756097560976,0.4065040650406504,-0.24390243902439024,0.24390243902439024,-0.2845528455284553,-0.23577235772357724,-0.2032520325203252,0.44308943089430897,-0.0040650406504065045,0.33739837398373984,-0.052845528455284556,0.11788617886178862,-0.1016260162601626,-0.2682926829268293,0.06097560975609756,0.3617886178861789,0.23170731707317074,0.2804878048780488,0.17073170731707318,0.09349593495934959,0.09349593495934959,-0.2601626016260163,0.3089430894308943,0.23577235772357724,0.4146341463414634,0.2032520325203252,0.34959349593495936,0.06504065040650407,0.2967479674796748
0,0.0,0.0,0.16,-0.252,0.24,-0.504,0.244,-0.728,0.188,-1.0,-0.1,-0.484,0.428,-0.256,0.368,-0.244,0.208,-0.288,-0.228,-0.204,0.436,-0.012,0.324,-0.056,0.112,-0.104,-0.268,0.056,0.36,0.22,0.276,0.164,0.088,0.084,-0.26,0.304,0.24,0.4,0.208,0.34,0.068,0.292
1,0.0,0.0,0.1326530612244898,-0.04081632653061224,0.23673469387755103,-0.13877551020408163,0.1306122448979592,-0.23469387755102042,-0.0020408163265306124,-0.2795918367346939,0.23877551020408164,-0.44285714285714284,0.2612244897959184,-0.6530612244897959,0.27346938775510204,-0.7836734693877551,0.2836734693877551,-0.9,0.12653061224489795,-0.47346938775510206,0.15714285714285714,-0.7040816326530612,0.16938775510204082,-0.8612244897959184,0.1816326530612245,-1.0,0.024489795918367346,-0.45510204081632655,0.044897959183673466,-0.6673469387755102,0.0653061224489796,-0.8061224489795918,0.08571428571428572,-0.9285714285714286,-0.08163265306122448,-0.4020408163265306,-0.06938775510204082,-0.5693877551020409,-0.04693877551020408,-0.6795918367346939,-0.02040816326530612,-0.7836734693877551
1,0.0,0.0,0.13729508196721313,-0.0389344262295082,0.24385245901639344,-0.13524590163934427,0.13729508196721313,-0.23155737704918034,0.004098360655737705,-0.2766393442622951,0.24795081967213115,-0.4385245901639344,0.26844262295081966,-0.6516393442622951,0.2807377049180328,-0.7827868852459017,0.29098360655737704,-0.8995901639344263,0.13319672131147542,-0.4733606557377049,0.16188524590163936,-0.7049180327868853,0.1721311475409836,-0.860655737704918,0.1864754098360656,-1.0,0.028688524590163935,-0.4569672131147541,0.05122950819672131,-0.6741803278688525,0.07172131147540983,-0.8114754098360656,0.09221311475409837,-0.9344262295081968,-0.07991803278688525,-0.4077868852459016,-0.06557377049180328,-0.5758196721311475,-0.045081967213114756,-0.6844262295081968,-0.01639344262295082,-0.7889344262295082
1,0.0,0.0,0.13441955193482688,-0.04480651731160896,0.23828920570264767,-0.1425661914460285,0.12627291242362526,-0.23828920570264767,-0.006109979633401222,-0.28105906313645623,0.24439918533604887,-0.4419551934826884,0.2668024439918534,-0.6517311608961304,0.2790224032586558,-0.7820773930753564,0.28716904276985744,-0.8981670061099797,0.13238289205702647,-0.4745417515274949,0.1629327902240326,-0.7046843177189409,0.17311608961303462,-0.8615071283095723,0.18329938900203666,-1.0,0.03054989816700611,-0.45621181262729127,0.05091649694501019,-0.6680244399185336,0.06924643584521385,-0.8065173116089613,0.08757637474541752,-0.9266802443991853,-0.07739307535641547,-0.40529531568228105,-0.06313645621181263,-0.5723014256619144,-0.04276985743380855,-0.6802443991853361,-0.016293279022403257,-0.7841140529531568
1,0.0,0.0,0.1346938775510204,-0.044897959183673466,0.24081632653061225,-0.14489795918367346,0.1326530612244898,-0.23877551020408164,-0.0020408163265306124,-0.2795918367346939,0.24081632653061225,-0.4448979591836735,0.2612244897959184,-0.6571428571428571,0.27346938775510204,-0.7857142857142857,0.2836734693877551,-0.9040816326530612,0.12857142857142856,-0.47551020408163264,0.15510204081632653,-0.7061224489795919,0.1673469387755102,-0.8612244897959184,0.17959183673469387,-1.0,0.024489795918367346,-0.45714285714285713,0.044897959183673466,-0.6714285714285714,0.06326530612244897,-0.810204081632653,0.08163265306122448,-0.9326530612244898,-0.08163265306122448,-0.40408163265306124,-0.06938775510204082,-0.5714285714285714,-0.04897959183673469,-0.6795918367346939,-0.02040816326530612,-0.7836734693877551
1,0.0,0.0,0.13701431492842536,-0.0408997955010225,0.24539877300613497,-0.13701431492842536,0.1390593047034765,-0.2310838445807771,0.00408997955010225,-0.2740286298568507,0.24539877300613497,-0.4396728016359918,0.26993865030674846,-0.6523517382413088,0.2822085889570552,-0.7832310838445807,0.29243353783231085,-0.8997955010224948,0.1329243353783231,-0.4723926380368098,0.16359918200409,-0.7055214723926381,0.1738241308793456,-0.8609406952965235,0.18609406952965235,-1.0,0.028629856850715747,-0.4560327198364008,0.053169734151329244,-0.6728016359918201,0.07157464212678936,-0.8098159509202454,0.09202453987730061,-0.9325153374233128,-0.07770961145194274,-0.4069529652351738,-0.06339468302658487,-0.5725971370143149,-0.044989775051124746,-0.6809815950920245,-0.016359918200409,-0.7852760736196319
1,0.0,0.0,0.13441955193482688,-0.04276985743380855,0.24032586558044808,-0.1446028513238289,0.13441955193482688,-0.24032586558044808,0.0,-0.28105906313645623,0.24032586558044808,-0.4460285132382892,0.2606924643584521,-0.6578411405295316,0.2729124236252546,-0.7881873727087576,0.2830957230142566,-0.9063136456211812,0.13034623217922606,-0.47657841140529533,0.15682281059063136,-0.7067209775967414,0.1690427698574338,-0.8615071283095723,0.18126272912423624,-1.0,0.026476578411405296,-0.45621181262729127,0.04684317718940937,-0.670061099796334,0.06720977596741344,-0.8085539714867617,0.0855397148676171,-0.9327902240325866,-0.07942973523421588,-0.40122199592668023,-0.06720977596741344,-0.570264765784114,-0.04684317718940937,-0.6782077393075356,-0.018329938900203666,-0.7820773930753564
1,0.0,0.0,0.1346938775510204,-0.044897959183673466,0.24081632653061225,-0.14489795918367346,0.1326530612244898,-0.24081632653061225,-0.0020408163265306124,-0.27755102040816326,0.24081632653061225,-0.44693877551020406,0.26326530612244897,-0.6591836734693878,0.2755102040816326,-0.789795918367347,0.2857142857142857,-0.9061224489795918,0.12857142857142856,-0.4775510204081633,0.15714285714285714,-0.7061224489795919,0.16938775510204082,-0.863265306122449,0.1816326530612245,-1.0,0.024489795918367346,-0.45714285714285713,0.04693877551020408,-0.6714285714285714,0.0673469387755102,-0.810204081632653,0.08979591836734693,-0.9306122448979591,-0.08163265306122448,-0.40408163265306124,-0.0673469387755102,-0.573469387755102,-0.04693877551020408,-0.6836734693877551,-0.018367346938775512,-0.7857142857142857
1,0.0,0.0,0.13524590163934427,-0.045081967213114756,0.23565573770491804,-0.1413934426229508,0.1290983606557377,-0.2336065573770492,-0.0020491803278688526,-0.2725409836065574,0.23770491803278687,-0.44672131147540983,0.26229508196721313,-0.6577868852459017,0.27459016393442626,-0.7848360655737705,0.2848360655737705,-0.9036885245901639,0.125,-0.47540983606557374,0.1557377049180328,-0.7049180327868853,0.1680327868852459,-0.8627049180327869,0.18032786885245902,-1.0,0.020491803278688523,-0.45081967213114754,0.040983606557377046,-0.6680327868852459,0.06352459016393443,-0.8073770491803278,0.08811475409836066,-0.9282786885245902,-0.08811475409836066,-0.39344262295081966,-0.07581967213114754,-0.5655737704918032,-0.05327868852459016,-0.6762295081967213,-0.022540983606557378,-0.7786885245901639
1,0.0,0.0,0.1326530612244898,-0.036734693877551024,0.24081632653061225,-0.14081632653061224,0.1346938775510204,-0.23673469387755103,-0.006122448979591836,-0.2755102040816326,0.24285714285714285,-0.44081632653061226,0.26326530612244897,-0.6551020408163265,0.27755102040816326,-0.7857142857142857,0.2897959183673469,-0.9040816326530612,0.12857142857142856,-0.47346938775510206,0.15918367346938775,-0.7061224489795919,0.17142857142857143,-0.8612244897959184,0.18571428571428572,-1.0,0.024489795918367346,-0.4530612244897959,0.04693877551020408,-0.6714285714285714,0.0673469387755102,-0.8122448979591836,0.08979591836734693,-0.9326530612244898,-0.08163265306122448,-0.3979591836734694,-0.0653061224489796,-0.5673469387755102,-0.044897959183673466,-0.6775510204081633,-0.018367346938775512,-0.7795918367346939
1,0.0,0.0,0.130879345603272,-0.0408997955010225,0.2392638036809816,-0.1411042944785276,0.1329243353783231,-0.23517382413087934,-0.00408997955010225,-0.2740286298568507,0.24130879345603273,-0.4437627811860941,0.261758691206544,-0.656441717791411,0.2740286298568507,-0.7852760736196319,0.2842535787321063,-0.901840490797546,0.12883435582822086,-0.47648261758691207,0.1574642126789366,-0.7055214723926381,0.16973415132924335,-0.8609406952965235,0.18200408997955012,-1.0,0.026584867075664622,-0.4560327198364008,0.04703476482617587,-0.6707566462167689,0.06952965235173825,-0.8098159509202454,0.09406952965235174,-0.9325153374233128,-0.07975460122699386,-0.40081799591002043,-0.06748466257668712,-0.5664621676891616,-0.04703476482617587,-0.6728016359918201,-0.016359918200409,-0.7750511247443763
1,0.0,0.0,0.13211382113821138,-0.04065040650406504,0.23780487804878048,-0.14227642276422764,0.13008130081300814,-0.23780487804878048,-0.006097560975609756,-0.2784552845528455,0.23983739837398374,-0.43902439024390244,0.2601626016260163,-0.6504065040650406,0.27439024390243905,-0.7804878048780488,0.2845528455284553,-0.8983739837398373,0.12804878048780488,-0.4735772357723577,0.1565040650406504,-0.7052845528455285,0.16869918699186992,-0.8617886178861789,0.18089430894308944,-1.0,0.024390243902439025,-0.45528455284552843,0.046747967479674794,-0.6707317073170732,0.06707317073170732,-0.8109756097560976,0.09146341463414634,-0.9308943089430894,-0.08333333333333333,-0.40447154471544716,-0.07113821138211382,-0.5691056910569106,-0.0508130081300813,-0.6747967479674797,-0.022357723577235773,-0.7764227642276422
1,0.0,0.0,0.13238289205702647,-0.04276985743380855,0.23625254582484725,-0.1425661914460285,0.12830957230142567,-0.23421588594704684,-0.004073319755600814,-0.2769857433808554,0.24032586558044808,-0.4419551934826884,0.2606924643584521,-0.6537678207739308,0.27494908350305497,-0.7841140529531568,0.2830957230142566,-0.9022403258655805,0.12627291242362526,-0.4745417515274949,0.15274949083503056,-0.7046843177189409,0.1670061099796334,-0.8615071283095723,0.17922606924643583,-1.0,0.02240325865580448,-0.45417515274949083,0.04276985743380855,-0.670061099796334,0.06720977596741344,-0.8065173116089613,0.09164969450101833,-0.9266802443991853,-0.0835030549898167,-0.39918533604887985,-0.07128309572301425,-0.5661914460285132,-0.05091649694501019,-0.6720977596741344,-0.02240325865580448,-0.7739307535641547
1,0.0,0.0,0.1346938775510204,-0.04081632653061224,0.24489795918367346,-0.14285714285714285,0.14081632653061224,-0.23877551020408164,0.004081632653061225,-0.2816326530612245,0.24693877551020407,-0.4387755102040816,0.2653061224489796,-0.6551020408163265,0.27755102040816326,-0.7857142857142857,0.28775510204081634,-0.9061224489795918,0.1326530612244898,-0.47346938775510206,0.15714285714285714,-0.7081632653061225,0.16938775510204082,-0.863265306122449,0.1836734693877551,-1.0,0.030612244897959183,-0.45714285714285713,0.04693877551020408,-0.6775510204081633,0.0653061224489796,-0.8163265306122449,0.08571428571428572,-0.936734693877551,-0.07551020408163266,-0.40408163265306124,-0.0653061224489796,-0.5775510204081633,-0.04693877551020408,-0.6877551020408164,-0.022448979591836733,-0.7918367346938775
1,0.0,0.0,0.12981744421906694,-0.04665314401622718,0.23529411764705882,-0.15010141987829614,0.12981744421906694,-0.24746450304259635,-0.004056795131845842,-0.2799188640973631,0.23732251521298176,-0.4462474645030426,0.25760649087221094,-0.6572008113590264,0.2718052738336714,-0.7849898580121704,0.281947261663286,-0.9006085192697769,0.1257606490872211,-0.4766734279918864,0.15010141987829614,-0.7079107505070994,0.16227180527383367,-0.8640973630831643,0.1744421906693712,-1.0,0.02434077079107505,-0.4563894523326572,0.04056795131845842,-0.6713995943204868,0.058823529411764705,-0.8093306288032455,0.07910750507099391,-0.9290060851926978,-0.07910750507099391,-0.40162271805273836,-0.06693711967545639,-0.5720081135902637,-0.0486815415821501,-0.6795131845841785,-0.02434077079107505,-0.7829614604462475
1,0.0,0.0,0.1375770020533881,-0.043121149897330596,0.2464065708418891,-0.13963039014373715,0.13963039014373715,-0.23408624229979466,0.006160164271047228,-0.2751540041067762,0.24845995893223818,-0.4414784394250513,0.27104722792607805,-0.6529774127310062,0.28336755646817247,-0.7823408624229979,0.2936344969199179,-0.8993839835728953,0.1375770020533881,-0.47638603696098564,0.162217659137577,-0.7063655030800822,0.17453798767967146,-0.8603696098562629,0.18480492813141683,-1.0,0.03490759753593429,-0.45790554414784396,0.053388090349075976,-0.6714579055441479,0.07186858316221766,-0.811088295687885,0.09240246406570841,-0.9322381930184805,-0.07186858316221766,-0.40451745379876797,-0.059548254620123205,-0.5708418891170431,-0.04106776180698152,-0.6796714579055442,-0.014373716632443531,-0.784394250513347
1,0.0,0.0,0.13524590163934427,-0.0430327868852459,0.24385245901639344,-0.14754098360655737,0.13524590163934427,-0.24385245901639344,0.0,-0.2848360655737705,0.24385245901639344,-0.4487704918032787,0.26639344262295084,-0.6598360655737705,0.2766393442622951,-0.7889344262295082,0.2848360655737705,-0.9077868852459017,0.13319672131147542,-0.47950819672131145,0.1598360655737705,-0.7069672131147541,0.1680327868852459,-0.8627049180327869,0.17827868852459017,-1.0,0.03278688524590164,-0.45901639344262296,0.05122950819672131,-0.6721311475409836,0.06967213114754098,-0.8114754098360656,0.0860655737704918,-0.9364754098360656,-0.07377049180327869,-0.4057377049180328,-0.06147540983606557,-0.5737704918032787,-0.040983606557377046,-0.6844262295081968,-0.014344262295081968,-0.7909836065573771
1,0.0,0.0,0.13238289205702647,-0.04480651731160896,0.23828920570264767,-0.1446028513238289,0.13034623217922606,-0.24236252545824846,-0.004073319755600814,-0.285132382892057,0.24032586558044808,-0.4460285132382892,0.2606924643584521,-0.6558044806517311,0.2729124236252546,-0.7841140529531568,0.2830957230142566,-0.9022403258655805,0.13034623217922606,-0.4786150712830957,0.15682281059063136,-0.7067209775967414,0.1690427698574338,-0.8615071283095723,0.17922606924643583,-1.0,0.03054989816700611,-0.45824847250509165,0.04684317718940937,-0.6720977596741344,0.06517311608961303,-0.8085539714867617,0.0855397148676171,-0.9287169042769857,-0.07535641547861507,-0.40529531568228105,-0.06313645621181263,-0.570264765784114,-0.04276985743380855,-0.6782077393075356,-0.014256619144602852,-0.7820773930753564
1,0.0,0.0,0.130879345603272,-0.04294478527607362,0.23517382413087934,-0.1411042944785276,0.1329243353783231,-0.23517382413087934,0.002044989775051125,-0.278118609406953,0.23517382413087934,-0.4437627811860941,0.25766871165644173,-0.656441717791411,0.26993865030674846,-0.7852760736196319,0.278118609406953,-0.9038854805725971,0.12269938650306748,-0.4723926380368098,0.15132924335378323,-0.7055214723926381,0.16359918200409,-0.8609406952965235,0.17586912065439672,-1.0,0.02044989775051125,-0.4539877300613497,0.03885480572597137,-0.6687116564417178,0.05930470347648262,-0.8077709611451943,0.07975460122699386,-0.9304703476482618,-0.08384458077709611,-0.3987730061349693,-0.07157464212678936,-0.5664621676891616,-0.053169734151329244,-0.6768916155419223,-0.026584867075664622,-0.7811860940695297
1,0.0,0.0,0.13238289205702647,-0.04073319755600815,0.23828920570264767,-0.1384928716904277,0.13441955193482688,-0.23217922606924643,0.002036659877800407,-0.2790224032586558,0.23625254582484725,-0.4439918533604888,0.25661914460285135,-0.6537678207739308,0.26883910386965376,-0.7820773930753564,0.2769857433808554,-0.90020366598778,0.12219959266802444,-0.4745417515274949,0.14663951120162932,-0.7067209775967414,0.15885947046843177,-0.8615071283095723,0.1710794297352342,-1.0,0.018329938900203666,-0.45621181262729127,0.038696537678207736,-0.6720977596741344,0.05702647657841141,-0.8085539714867617,0.07942973523421588,-0.9307535641547862,-0.0855397148676171,-0.40325865580448067,-0.07331975560081466,-0.5682281059063137,-0.054989816700611,-0.6761710794297352,-0.026476578411405296,-0.780040733197556
1,0.0,0.0,0.13387423935091278,-0.04259634888438134,0.23935091277890466,-0.1440162271805274,0.13184584178498987,-0.23935091277890466,-0.004056795131845842,-0.2778904665314402,0.23529411764705882,-0.4462474645030426,0.25557809330628806,-0.6551724137931034,0.2657200811359026,-0.7829614604462475,0.2738336713995943,-0.9026369168356998,0.12170385395537525,-0.4766734279918864,0.1460446247464503,-0.7058823529411765,0.15821501014198783,-0.8620689655172413,0.16835699797160245,-1.0,0.018255578093306288,-0.45841784989858014,0.036511156186612576,-0.6713995943204868,0.05476673427991886,-0.8093306288032455,0.07505070993914807,-0.9310344827586207,-0.0872210953346856,-0.40365111561866124,-0.07505070993914807,-0.5699797160243407,-0.05476673427991886,-0.6774847870182555,-0.028397565922920892,-0.7809330628803245
1,0.0,0.0,0.13441955193482688,-0.04073319755600815,0.23828920570264767,-0.14052953156822812,0.13238289205702647,-0.23625254582484725,-0.002036659877800407,-0.2790224032586558,0.23828920570264767,-0.4419551934826884,0.2606924643584521,-0.6537678207739308,0.2729124236252546,-0.7820773930753564,0.2830957230142566,-0.90020366598778,0.12423625254582485,-0.47657841140529533,0.15274949083503056,-0.7067209775967414,0.164969450101833,-0.8615071283095723,0.17718940936863545,-1.0,0.02240325865580448,-0.45824847250509165,0.04073319755600815,-0.6720977596741344,0.06109979633401222,-0.8105906313645621,0.0814663951120163,-0.9307535641547862,-0.0835030549898167,-0.40325865580448067,-0.07128309572301425,-0.570264765784114,-0.05091649694501019,-0.6782077393075356,-0.026476578411405296,-0.780040733197556
1,0.0,0.0,0.13306451612903225,-0.046370967741935484,0.23790322580645162,-0.14919354838709678,0.12903225806451613,-0.2439516129032258,-0.006048387096774193,-0.28225806451612906,0.23790322580645162,-0.44556451612903225,0.25806451612903225,-0.657258064516129,0.26814516129032256,-0.7862903225806451,0.2762096774193548,-0.905241935483871,0.12701612903225806,-0.4778225806451613,0.1532258064516129,-0.7076612903225806,0.16532258064516128,-0.8629032258064516,0.17540322580645162,-1.0,0.024193548387096774,-0.4576612903225806,0.04233870967741935,-0.6713709677419355,0.05846774193548387,-0.8104838709677419,0.07459677419354839,-0.9314516129032258,-0.08266129032258064,-0.4012096774193548,-0.07056451612903226,-0.5685483870967742,-0.05040322580645161,-0.6774193548387096,-0.02620967741935484,-0.780241935483871
1,0.0,0.0,0.13157894736842105,-0.04048582995951417,0.23684210526315788,-0.1417004048582996,0.12753036437246965,-0.23481781376518218,-0.008097165991902834,-0.2773279352226721,0.2388663967611336,-0.4433198380566802,0.2611336032388664,-0.6538461538461539,0.27125506072874495,-0.7854251012145749,0.2793522267206478,-0.9048582995951417,0.12753036437246965,-0.4757085020242915,0.15384615384615385,-0.7064777327935222,0.1659919028340081,-0.8623481781376519,0.17611336032388664,-1.0,0.024291497975708502,-0.45546558704453444,0.044534412955465584,-0.6700404858299596,0.06072874493927125,-0.8076923076923077,0.07894736842105263,-0.9291497975708503,-0.08299595141700405,-0.4008097165991903,-0.06882591093117409,-0.5668016194331984,-0.05060728744939271,-0.6761133603238867,-0.024291497975708502,-0.7793522267206477
1,0.0,0.0,0.1310483870967742,-0.046370967741935484,0.23588709677419356,-0.14919354838709678,0.12903225806451613,-0.24596774193548387,-0.004032258064516129,-0.28830645161290325,0.23790322580645162,-0.4495967741935484,0.2560483870967742,-0.657258064516129,0.26814516129032256,-0.7862903225806451,0.2762096774193548,-0.905241935483871,0.125,-0.4798387096774194,0.15120967741935484,-0.7076612903225806,0.16330645161290322,-0.8629032258064516,0.17338709677419356,-1.0,0.024193548387096774,-0.4596774193548387,0.04233870967741935,-0.6733870967741935,0.05846774193548387,-0.8104838709677419,0.07661290322580645,-0.9334677419354839,-0.08266129032258064,-0.40524193548387094,-0.06854838709677419,-0.5705645161290323,-0.05040322580645161,-0.6794354838709677,-0.02620967741935484,-0.782258064516129
1,0.0,0.0,0.1292929292929293,-0.046464646464646465,0.23232323232323232,-0.14545454545454545,0.12727272727272726,-0.2383838383838384,-0.00404040404040404,-0.2808080808080808,0.23232323232323232,-0.4484848484848485,0.25252525252525254,-0.6565656565656566,0.26464646464646463,-0.7838383838383839,0.2727272727272727,-0.901010101010101,0.12121212121212122,-0.47878787878787876,0.14747474747474748,-0.7090909090909091,0.1595959595959596,-0.8646464646464647,0.1717171717171717,-1.0,0.020202020202020204,-0.4585858585858586,0.03838383838383838,-0.6727272727272727,0.05454545454545454,-0.8121212121212121,0.07474747474747474,-0.9333333333333333,-0.08484848484848485,-0.402020202020202,-0.07474747474747474,-0.5656565656565656,-0.05656565656565657,-0.6747474747474748,-0.030303030303030304,-0.7777777777777778
1,0.0,0.0,0.13333333333333333,-0.04242424242424243,0.23030303030303031,-0.14545454545454545,0.12121212121212122,-0.23636363636363636,-0.012121212121212121,-0.2808080808080808,0.22828282828282828,-0.4444444444444444,0.2505050505050505,-0.6525252525252525,0.26262626262626265,-0.7797979797979798,0.2727272727272727,-0.896969696969697,0.11515151515151516,-0.4767676767676768,0.14343434343434344,-0.7090909090909091,0.15555555555555556,-0.8626262626262626,0.16767676767676767,-1.0,0.014141414141414142,-0.4585858585858586,0.03434343434343434,-0.6747474747474748,0.052525252525252523,-0.8141414141414142,0.07272727272727272,-0.9373737373737374,-0.08888888888888889,-0.402020202020202,-0.07676767676767676,-0.5676767676767677,-0.05858585858585859,-0.6747474747474748,-0.03434343434343434,-0.7777777777777778
1,0.0,0.0,0.13765182186234817,-0.04251012145748988,0.242914979757085,-0.1437246963562753,0.13360323886639677,-0.23684210526315788,-0.0020242914979757085,-0.27530364372469635,0.2388663967611336,-0.43724696356275305,0.2591093117408907,-0.6497975708502024,0.27125506072874495,-0.7813765182186235,0.2834008097165992,-0.8987854251012146,0.12550607287449392,-0.46963562753036436,0.15384615384615385,-0.7044534412955465,0.1680161943319838,-0.8623481781376519,0.18218623481781376,-1.0,0.022267206477732792,-0.451417004048583,0.04251012145748988,-0.6680161943319838,0.06072874493927125,-0.8097165991902834,0.08299595141700405,-0.9331983805668016,-0.08097165991902834,-0.3967611336032389,-0.06680161943319839,-0.5647773279352226,-0.048582995951417005,-0.6761133603238867,-0.024291497975708502,-0.7793522267206477
1,0.0,0.0,0.13562753036437247,-0.04048582995951417,0.23684210526315788,-0.13765182186234817,0.12955465587044535,-0.23076923076923078,-0.006072874493927126,-0.2732793522267207,0.2408906882591093,-0.4352226720647773,0.2631578947368421,-0.6477732793522267,0.2773279352226721,-0.7793522267206477,0.291497975708502,-0.8967611336032388,0.12753036437246965,-0.46963562753036436,0.15587044534412955,-0.7024291497975709,0.1700404858299595,-0.8603238866396761,0.18421052631578946,-1.0,0.02631578947368421,-0.451417004048583,0.0465587044534413,-0.6680161943319838,0.06477732793522267,-0.8097165991902834,0.08704453441295547,-0.9331983805668016,-0.07894736842105263,-0.3967611336032389,-0.06680161943319839,-0.5647773279352226,-0.048582995951417005,-0.6740890688259109,-0.020242914979757085,-0.7773279352226721
1,0.0,0.0,0.13535353535353536,-0.04040404040404041,0.2383838383838384,-0.1393939393939394,0.12525252525252525,-0.23434343434343435,-0.012121212121212121,-0.27474747474747474,0.23636363636363636,-0.43232323232323233,0.2585858585858586,-0.6484848484848484,0.27474747474747474,-0.7777777777777778,0.2868686868686869,-0.896969696969697,0.12323232323232323,-0.4666666666666667,0.15353535353535352,-0.701010101010101,0.16767676767676767,-0.8585858585858586,0.18181818181818182,-1.0,0.022222222222222223,-0.4484848484848485,0.04242424242424243,-0.6646464646464646,0.06060606060606061,-0.806060606060606,0.08080808080808081,-0.9292929292929293,-0.08080808080808081,-0.39595959595959596,-0.0707070707070707,-0.5636363636363636,-0.050505050505050504,-0.6727272727272727,-0.026262626262626262,-0.7777777777777778
1,0.0,0.0,0.1359026369168357,-0.038539553752535496,0.2413793103448276,-0.13387423935091278,0.13184584178498987,-0.23123732251521298,-0.004056795131845842,-0.2718052738336714,0.24543610547667344,-0.43204868154158216,0.26774847870182555,-0.6470588235294118,0.281947261663286,-0.7768762677484787,0.2961460446247465,-0.896551724137931,0.13387423935091278,-0.4685598377281947,0.16024340770791076,-0.7018255578093306,0.1744421906693712,-0.8580121703853956,0.18864097363083165,-1.0,0.030425963488843813,-0.45233265720081134,0.0486815415821501,-0.6693711967545639,0.06693711967545639,-0.8093306288032455,0.08924949290060852,-0.9310344827586207,-0.07707910750507099,-0.40162271805273836,-0.06490872210953347,-0.5699797160243407,-0.04462474645030426,-0.6774847870182555,-0.016227180527383367,-0.7809330628803245
1,0.0,0.0,0.13333333333333333,-0.04040404040404041,0.23232323232323232,-0.1393939393939394,0.1191919191919192,-0.23434343434343435,-0.01616161616161616,-0.2727272727272727,0.23636363636363636,-0.43636363636363634,0.25656565656565655,-0.6505050505050505,0.27070707070707073,-0.7797979797979798,0.28484848484848485,-0.896969696969697,0.12525252525252525,-0.4707070707070707,0.15151515151515152,-0.701010101010101,0.16363636363636364,-0.8606060606060606,0.17777777777777778,-1.0,0.024242424242424242,-0.45252525252525255,0.04040404040404041,-0.6666666666666666,0.05858585858585859,-0.806060606060606,0.07878787878787878,-0.9292929292929293,-0.08282828282828283,-0.397979797979798,-0.07272727272727272,-0.5656565656565656,-0.052525252525252523,-0.6747474747474748,-0.026262626262626262,-0.7757575757575758
1,0.0,0.0,0.1364562118126273,-0.03665987780040733,0.24236252545824846,-0.13441955193482688,0.13441955193482688,-0.22810590631364563,-0.004073319755600814,-0.26883910386965376,0.24643584521384929,-0.43380855397148677,0.26883910386965376,-0.6496945010183299,0.2830957230142566,-0.7780040733197556,0.2973523421588595,-0.8961303462321792,0.13238289205702647,-0.47046843177189407,0.16089613034623218,-0.7046843177189409,0.17515274949083504,-0.8615071283095723,0.19144602851323828,-1.0,0.026476578411405296,-0.45213849287169044,0.04684317718940937,-0.6720977596741344,0.06720977596741344,-0.814663951120163,0.08961303462321792,-0.9368635437881874,-0.07942973523421588,-0.3971486761710794,-0.06517311608961303,-0.5661914460285132,-0.04480651731160896,-0.6761710794297352,-0.020366598778004074,-0.7780040733197556
1,0.0,0.0,0.13934426229508196,-0.03483606557377049,0.2459016393442623,-0.13319672131147542,0.13114754098360656,-0.22540983606557377,-0.010245901639344262,-0.26639344262295084,0.24795081967213115,-0.42827868852459017,0.27049180327868855,-0.6454918032786885,0.28688524590163933,-0.7766393442622951,0.3012295081967213,-0.8954918032786885,0.13319672131147542,-0.4651639344262295,0.16188524590163936,-0.7008196721311475,0.1762295081967213,-0.860655737704918,0.19262295081967212,-1.0,0.028688524590163935,-0.4487704918032787,0.04918032786885246,-0.6680327868852459,0.06967213114754098,-0.8073770491803278,0.09016393442622951,-0.9323770491803278,-0.07991803278688525,-0.39959016393442626,-0.06557377049180328,-0.5676229508196722,-0.045081967213114756,-0.6762295081967213,-0.018442622950819672,-0.7807377049180327
1,0.0,0.0,0.13157894736842105,-0.044534412955465584,0.23481781376518218,-0.1417004048582996,0.12550607287449392,-0.23684210526315788,-0.008097165991902834,-0.2773279352226721,0.242914979757085,-0.4392712550607287,0.26720647773279355,-0.6518218623481782,0.2854251012145749,-0.7813765182186235,0.29959514170040485,-0.8967611336032388,0.12955465587044535,-0.47368421052631576,0.15991902834008098,-0.7024291497975709,0.17408906882591094,-0.8603238866396761,0.1882591093117409,-1.0,0.02631578947368421,-0.4534412955465587,0.0465587044534413,-0.6659919028340081,0.06680161943319839,-0.8036437246963563,0.08906882591093117,-0.9251012145748988,-0.08097165991902834,-0.39878542510121456,-0.06680161943319839,-0.5668016194331984,-0.044534412955465584,-0.6761133603238867,-0.016194331983805668,-0.7773279352226721
1,0.0,0.0,0.13673469387755102,-0.0326530612244898,0.24489795918367346,-0.12448979591836734,0.1346938775510204,-0.22244897959183674,-0.0020408163265306124,-0.2673469387755102,0.2530612244897959,-0.4306122448979592,0.27755102040816326,-0.6469387755102041,0.2897959183673469,-0.7775510204081633,0.3020408163265306,-0.8959183673469387,0.14081632653061224,-0.4673469387755102,0.16938775510204082,-0.7,0.1816326530612245,-0.8591836734693877,0.19591836734693877,-1.0,0.036734693877551024,-0.45102040816326533,0.05714285714285714,-0.6673469387755102,0.07551020408163266,-0.8061224489795918,0.09591836734693877,-0.9285714285714286,-0.07142857142857142,-0.3979591836734694,-0.05918367346938776,-0.5673469387755102,-0.03877551020408163,-0.6755102040816326,-0.00816326530612245,-0.7775510204081633
1,0.0,0.0,0.13211382113821138,-0.03861788617886179,0.23577235772357724,-0.13617886178861788,0.12804878048780488,-0.23170731707317074,-0.008130081300813009,-0.2764227642276423,0.241869918699187,-0.4369918699186992,0.266260162601626,-0.6524390243902439,0.2804878048780488,-0.7804878048780488,0.2926829268292683,-0.8983739837398373,0.13008130081300814,-0.4695121951219512,0.16056910569105692,-0.7012195121951219,0.17276422764227642,-0.8597560975609756,0.18699186991869918,-1.0,0.028455284552845527,-0.45121951219512196,0.04878048780487805,-0.6666666666666666,0.06707317073170732,-0.806910569105691,0.08739837398373984,-0.9308943089430894,-0.07926829268292683,-0.3983739837398374,-0.06707317073170732,-0.5670731707317073,-0.046747967479674794,-0.676829268292683,-0.018292682926829267,-0.782520325203252
1,0.0,0.0,0.1346938775510204,-0.036734693877551024,0.23877551020408164,-0.1306122448979592,0.1326530612244898,-0.22857142857142856,-0.0020408163265306124,-0.2714285714285714,0.2510204081632653,-0.4326530612244898,0.27346938775510204,-0.6489795918367347,0.28775510204081634,-0.7795918367346939,0.3020408163265306,-0.8979591836734694,0.13673469387755102,-0.46938775510204084,0.1653061224489796,-0.7,0.17959183673469387,-0.8591836734693877,0.19387755102040816,-1.0,0.03469387755102041,-0.4530612244897959,0.053061224489795916,-0.6653061224489796,0.07142857142857142,-0.8061224489795918,0.09591836734693877,-0.926530612244898,-0.07346938775510205,-0.4,-0.06326530612244897,-0.5673469387755102,-0.04285714285714286,-0.6775510204081633,-0.012244897959183673,-0.7795918367346939
1,0.0,0.0,0.13414634146341464,-0.04065040650406504,0.23983739837398374,-0.1402439024390244,0.13008130081300814,-0.23373983739837398,-0.006097560975609756,-0.27235772357723576,0.24390243902439024,-0.43902439024390244,0.266260162601626,-0.6504065040650406,0.2804878048780488,-0.7784552845528455,0.2926829268292683,-0.8963414634146342,0.13008130081300814,-0.4735772357723577,0.1565040650406504,-0.7032520325203252,0.16869918699186992,-0.8597560975609756,0.18292682926829268,-1.0,0.028455284552845527,-0.4532520325203252,0.044715447154471545,-0.6666666666666666,0.06300813008130081,-0.8028455284552846,0.08333333333333333,-0.926829268292683,-0.07926829268292683,-0.3983739837398374,-0.06707317073170732,-0.5650406504065041,-0.046747967479674794,-0.6727642276422764,-0.018292682926829267,-0.7764227642276422
1,0.0,0.0,0.13617886178861788,-0.04065040650406504,0.24390243902439024,-0.13617886178861788,0.13617886178861788,-0.23373983739837398,0.0,-0.2703252032520325,0.2459349593495935,-0.4369918699186992,0.2703252032520325,-0.6524390243902439,0.2865853658536585,-0.7804878048780488,0.30284552845528456,-0.8983739837398373,0.13414634146341464,-0.4715447154471545,0.16260162601626016,-0.7032520325203252,0.17682926829268292,-0.8597560975609756,0.1910569105691057,-1.0,0.032520325203252036,-0.45528455284552843,0.0508130081300813,-0.6686991869918699,0.06910569105691057,-0.806910569105691,0.09146341463414634,-0.9288617886178862,-0.07520325203252033,-0.40040650406504064,-0.06300813008130081,-0.5691056910569106,-0.044715447154471545,-0.676829268292683,-0.014227642276422764,-0.7784552845528455
1,0.0,0.0,0.13414634146341464,-0.03861788617886179,0.23780487804878048,-0.13821138211382114,0.12601626016260162,-0.23577235772357724,-0.008130081300813009,-0.27235772357723576,0.24796747967479674,-0.4349593495934959,0.27235772357723576,-0.6504065040650406,0.2865853658536585,-0.782520325203252,0.3008130081300813,-0.9004065040650406,0.13617886178861788,-0.4695121951219512,0.16666666666666666,-0.7012195121951219,0.17886178861788618,-0.8597560975609756,0.1910569105691057,-1.0,0.032520325203252036,-0.4532520325203252,0.052845528455284556,-0.6666666666666666,0.07317073170731707,-0.8048780487804879,0.09349593495934959,-0.926829268292683,-0.07520325203252033,-0.40040650406504064,-0.06097560975609756,-0.5670731707317073,-0.04065040650406504,-0.6747967479674797,-0.01016260162601626,-0.7784552845528455
1,0.0,0.0,0.13333333333333333,-0.04242424242424243,0.2383838383838384,-0.1414141414141414,0.13333333333333333,-0.2404040404040404,-0.00202020202020202,-0.27474747474747474,0.24646464646464647,-0.4404040404040404,0.2686868686868687,-0.6545454545454545,0.2828282828282828,-0.7838383838383839,0.29494949494949496,-0.901010101010101,0.13535353535353536,-0.4707070707070707,0.16363636363636364,-0.703030303030303,0.17575757575757575,-0.8626262626262626,0.1898989898989899,-1.0,0.03232323232323232,-0.45252525252525255,0.050505050505050504,-0.6686868686868687,0.06868686868686869,-0.8080808080808081,0.08888888888888889,-0.9292929292929293,-0.07474747474747474,-0.397979797979798,-0.06262626262626263,-0.5676767676767677,-0.04242424242424243,-0.6767676767676768,-0.014141414141414142,-0.7777777777777778
1,0.0,0.0,0.13414634146341464,-0.04065040650406504,0.23983739837398374,-0.13617886178861788,0.13211382113821138,-0.23170731707317074,-0.0020325203252032522,-0.2682926829268293,0.2459349593495935,-0.4369918699186992,0.2682926829268293,-0.6524390243902439,0.2845528455284553,-0.7804878048780488,0.29878048780487804,-0.8983739837398373,0.13414634146341464,-0.4695121951219512,0.16260162601626016,-0.7012195121951219,0.17682926829268292,-0.8597560975609756,0.1910569105691057,-1.0,0.03048780487804878,-0.45121951219512196,0.0508130081300813,-0.6646341463414634,0.06910569105691057,-0.8048780487804879,0.08943089430894309,-0.926829268292683,-0.07520325203252033,-0.39634146341463417,-0.06300813008130081,-0.5650406504065041,-0.044715447154471545,-0.6727642276422764,-0.016260162601626018,-0.7764227642276422
1,0.0,0.0,0.13414634146341464,-0.03861788617886179,0.23577235772357724,-0.13617886178861788,0.12601626016260162,-0.23373983739837398,-0.008130081300813009,-0.27235772357723576,0.241869918699187,-0.4349593495934959,0.266260162601626,-0.6483739837398373,0.28252032520325204,-0.7784552845528455,0.2967479674796748,-0.8963414634146342,0.13008130081300814,-0.46747967479674796,0.1565040650406504,-0.6991869918699187,0.17073170731707318,-0.8597560975609756,0.18495934959349594,-1.0,0.026422764227642278,-0.4491869918699187,0.044715447154471545,-0.6646341463414634,0.06300813008130081,-0.8048780487804879,0.08130081300813008,-0.926829268292683,-0.07926829268292683,-0.39634146341463417,-0.06707317073170732,-0.5630081300813008,-0.04878048780487805,-0.6727642276422764,-0.022357723577235773,-0.774390243902439
1,0.0,0.0,0.13729508196721313,-0.036885245901639344,0.24385245901639344,-0.13114754098360656,0.13319672131147542,-0.22745901639344263,-0.0020491803278688526,-0.27049180327868855,0.25,-0.430327868852459,0.27459016393442626,-0.6475409836065574,0.2889344262295082,-0.7786885245901639,0.30327868852459017,-0.8975409836065574,0.13524590163934427,-0.4651639344262295,0.16393442622950818,-0.7028688524590164,0.17827868852459017,-0.860655737704918,0.19262295081967212,-1.0,0.030737704918032786,-0.4487704918032787,0.05327868852459016,-0.6680327868852459,0.07172131147540983,-0.8114754098360656,0.09221311475409837,-0.9344262295081968,-0.07581967213114754,-0.3975409836065574,-0.06352459016393443,-0.5655737704918032,-0.0430327868852459,-0.6762295081967213,-0.01639344262295082,-0.7807377049180327
1,0.0,0.0,0.1346938775510204,-0.036734693877551024,0.23673469387755103,-0.1346938775510204,0.12653061224489795,-0.23061224489795917,-0.01020408163265306,-0.27346938775510204,0.24489795918367346,-0.4326530612244898,0.2673469387755102,-0.6469387755102041,0.2836734693877551,-0.7775510204081633,0.2979591836734694,-0.8959183673469387,0.1326530612244898,-0.4673469387755102,0.16122448979591836,-0.7,0.17551020408163265,-0.8591836734693877,0.18979591836734694,-1.0,0.030612244897959183,-0.4489795918367347,0.04897959183673469,-0.6653061224489796,0.0673469387755102,-0.8040816326530612,0.08775510204081632,-0.926530612244898,-0.07755102040816327,-0.39591836734693875,-0.0653061224489796,-0.563265306122449,-0.04693877551020408,-0.6714285714285714,-0.018367346938775512,-0.773469387755102
1,0.0,0.0,0.1346938775510204,-0.036734693877551024,0.23877551020408164,-0.1306122448979592,0.12857142857142856,-0.22653061224489796,-0.00816326530612245,-0.2693877551020408,0.24489795918367346,-0.42857142857142855,0.2673469387755102,-0.6448979591836734,0.2836734693877551,-0.7755102040816326,0.3,-0.8938775510204081,0.1306122448979592,-0.46530612244897956,0.15918367346938775,-0.7,0.17346938775510204,-0.8571428571428571,0.18979591836734694,-1.0,0.02857142857142857,-0.44693877551020406,0.04693877551020408,-0.6632653061224489,0.0653061224489796,-0.8040816326530612,0.08775510204081632,-0.9285714285714286,-0.07959183673469387,-0.39387755102040817,-0.0673469387755102,-0.5612244897959183,-0.04693877551020408,-0.6714285714285714,-0.018367346938775512,-0.7755102040816326
1,0.0,0.0,0.13496932515337423,-0.03680981595092025,0.24130879345603273,-0.12883435582822086,0.13496932515337423,-0.22903885480572597,-0.00408997955010225,-0.26993865030674846,0.2474437627811861,-0.43558282208588955,0.2719836400817996,-0.6503067484662577,0.2883435582822086,-0.7791411042944786,0.3006134969325153,-0.8977505112474438,0.13701431492842536,-0.4703476482617587,0.1656441717791411,-0.7034764826175869,0.17791411042944785,-0.8609406952965235,0.19222903885480572,-1.0,0.032719836400818,-0.45194274028629855,0.053169734151329244,-0.6687116564417178,0.06952965235173825,-0.8077709611451943,0.08997955010224949,-0.9284253578732107,-0.07566462167689161,-0.3987730061349693,-0.06339468302658487,-0.5664621676891616,-0.04294478527607362,-0.6768916155419223,-0.014314928425357873,-0.7791411042944786
1,0.0,0.0,0.13441955193482688,-0.04073319755600815,0.23828920570264767,-0.1364562118126273,0.13034623217922606,-0.23625254582484725,-0.006109979633401222,-0.2708757637474542,0.24439918533604887,-0.43584521384928715,0.26883910386965376,-0.6517311608961304,0.2830957230142566,-0.7820773930753564,0.2953156822810591,-0.90020366598778,0.13238289205702647,-0.4684317718940937,0.16089613034623218,-0.7006109979633401,0.17515274949083504,-0.8615071283095723,0.18737270875763748,-1.0,0.028513238289205704,-0.45010183299389,0.048879837067209775,-0.6659877800407332,0.06720977596741344,-0.8065173116089613,0.08757637474541752,-0.9266802443991853,-0.07739307535641547,-0.3971486761710794,-0.06517311608961303,-0.5661914460285132,-0.04480651731160896,-0.6761710794297352,-0.018329938900203666,-0.7780040733197556
1,0.0,0.0,0.13441955193482688,-0.038696537678207736,0.24032586558044808,-0.13034623217922606,0.13238289205702647,-0.22810590631364563,-0.004073319755600814,-0.2708757637474542,0.24643584521384929,-0.4317718940936864,0.26883910386965376,-0.6476578411405295,0.2830957230142566,-0.7780040733197556,0.2973523421588595,-0.8961303462321792,0.13441955193482688,-0.4663951120162933,0.1629327902240326,-0.7006109979633401,0.17515274949083504,-0.8594704684317719,0.1894093686354379,-1.0,0.03054989816700611,-0.4480651731160896,0.048879837067209775,-0.6659877800407332,0.06924643584521385,-0.8065173116089613,0.08961303462321792,-0.9266802443991853,-0.07535641547861507,-0.395112016293279,-0.06313645621181263,-0.5641547861507128,-0.04276985743380855,-0.6741344195519349,-0.016293279022403257,-0.7759674134419552
1,0.0,0.0,0.13008130081300814,-0.042682926829268296,0.23373983739837398,-0.13821138211382114,0.12601626016260162,-0.23373983739837398,-0.008130081300813009,-0.27235772357723576,0.241869918699187,-0.4329268292682927,0.266260162601626,-0.6483739837398373,0.2804878048780488,-0.7764227642276422,0.29471544715447157,-0.8943089430894309,0.13008130081300814,-0.46747967479674796,0.16056910569105692,-0.7012195121951219,0.17276422764227642,-0.8597560975609756,0.18495934959349594,-1.0,0.026422764227642278,-0.45121951219512196,0.044715447154471545,-0.6666666666666666,0.06300813008130081,-0.8048780487804879,0.08333333333333333,-0.926829268292683,-0.08130081300813008,-0.3983739837398374,-0.06910569105691057,-0.5670731707317073,-0.04878048780487805,-0.676829268292683,-0.02032520325203252,-0.7784552845528455
