7,0.0,0.0,-0.16722408026755853,-0.13043478260869565,-0.24581939799331104,-0.26588628762541805,-0.29264214046822745,-0.35451505016722407,-0.3110367892976589,-0.4280936454849498,-0.08862876254180602,-0.5317725752508361,-0.11705685618729098,-0.7123745819397993,-0.13043478260869565,-0.8494983277591973,-0.13377926421404682,-0.9581939799331104,0.016722408026755852,-0.48327759197324416,-0.05016722408026756,-0.7123745819397993,-0.09866220735785954,-0.8779264214046822,-0.12040133779264214,-1.0,0.061872909698996656,-0.4013377926421405,-0.14046822742474915,-0.5551839464882943,-0.22240802675585283,-0.43478260869565216,-0.21070234113712374,-0.3494983277591973,0.056856187290969896,-0.2993311036789298,-0.17391304347826086,-0.3729096989966555,-0.225752508361204,-0.29431438127090304,-0.20234113712374582,-0.2391304347826087
7,0.0,0.0,-0.1658291457286432,-0.1273031825795645,-0.24790619765494137,-0.2629815745393635,-0.2981574539363484,-0.35175879396984927,-0.3098827470686767,-0.4271356783919598,-0.09045226130653267,-0.5276381909547738,-0.11557788944723618,-0.7085427135678392,-0.1273031825795645,-0.847571189279732,-0.12897822445561138,-0.9530988274706867,0.01675041876046901,-0.48408710217755446,-0.04690117252931323,-0.7135678391959799,-0.09547738693467336,-0.8793969849246231,-0.11892797319932999,-1.0,0.06365159128978225,-0.4036850921273032,-0.1373534338358459,-0.5577889447236181,-0.21943048576214405,-0.4355108877721943,-0.21105527638190955,-0.34840871021775544,0.06030150753768844,-0.3015075376884422,-0.17252931323283083,-0.37185929648241206,-0.22445561139028475,-0.2931323283082077,-0.20268006700167504,-0.23785594639865998
7,0.0,0.0,-0.1632996632996633,-0.13131313131313133,-0.2441077441077441,-0.26936026936026936,-0.29292929292929293,-0.3602693602693603,-0.3047138047138047,-0.43434343434343436,-0.08249158249158249,-0.5303030303030303,-0.10606060606060606,-0.7138047138047138,-0.12121212121212122,-0.8518518518518519,-0.12457912457912458,-0.9595959595959596,0.025252525252525252,-0.48484848484848486,-0.04208754208754209,-0.7154882154882155,-0.09427609427609428,-0.8804713804713805,-0.12121212121212122,-1.0,0.0707070707070707,-0.40235690235690236,-0.13468013468013468,-0.5606060606060606,-0.21548821548821548,-0.44107744107744107,-0.2053872053872054,-0.35353535353535354,0.06228956228956229,-0.30134680134680136,-0.1717171717171717,-0.37542087542087543,-0.2222222222222222,-0.29797979797979796,-0.19865319865319866,-0.24242424242424243
7,0.0,0.0,-0.16470588235294117,-0.13277310924369748,-0.24201680672268908,-0.2689075630252101,-0.28907563025210087,-0.3563025210084034,-0.30756302521008405,-0.42857142857142855,-0.08403361344537816,-0.5294117647058824,-0.11092436974789915,-0.7092436974789916,-0.1226890756302521,-0.8470588235294118,-0.1226890756302521,-0.9546218487394958,0.021848739495798318,-0.4823529411764706,-0.043697478991596636,-0.7142857142857143,-0.0907563025210084,-0.8789915966386554,-0.11092436974789915,-1.0,0.06722689075630252,-0.4,-0.13445378151260504,-0.5579831932773109,-0.21680672268907564,-0.4369747899159664,-0.20672268907563024,-0.35126050420168065,0.06218487394957983,-0.30084033613445377,-0.16806722689075632,-0.373109243697479,-0.2218487394957983,-0.2957983193277311,-0.19663865546218487,-0.24201680672268908
7,0.0,0.0,-0.1624790619765494,-0.1306532663316583,-0.24120603015075376,-0.2696817420435511,-0.288107202680067,-0.36180904522613067,-0.3015075376884422,-0.4304857621440536,-0.08207705192629816,-0.5276381909547738,-0.10887772194304858,-0.7085427135678392,-0.12227805695142378,-0.8458961474036851,-0.12562814070351758,-0.9514237855946399,0.02512562814070352,-0.48408710217755446,-0.04187604690117253,-0.7152428810720268,-0.09045226130653267,-0.88107202680067,-0.11390284757118928,-1.0,0.07035175879396985,-0.4036850921273032,-0.1323283082077052,-0.5611390284757118,-0.21105527638190955,-0.44221105527638194,-0.20268006700167504,-0.35510887772194305,0.06365159128978225,-0.3015075376884422,-0.16750418760469013,-0.37353433835845895,-0.21775544388609716,-0.2981574539363484,-0.19430485762144054,-0.24455611390284757
7,0.0,0.0,-0.15912897822445563,-0.1373534338358459,-0.23785594639865998,-0.27638190954773867,-0.2847571189279732,-0.36683417085427134,-0.3015075376884422,-0.4321608040201005,-0.08207705192629816,-0.5360134003350083,-0.10385259631490787,-0.7135678391959799,-0.11557788944723618,-0.8509212730318257,-0.11557788944723618,-0.9581239530988275,0.02680067001675042,-0.48743718592964824,-0.04020100502512563,-0.7152428810720268,-0.08710217755443886,-0.8793969849246231,-0.11055276381909548,-1.0,0.07202680067001675,-0.4036850921273032,-0.12897822445561138,-0.5628140703517588,-0.20938023450586266,-0.4438860971524288,-0.19597989949748743,-0.35678391959798994,0.06532663316582915,-0.30318257956448913,-0.16415410385259632,-0.3785594639865997,-0.21608040201005024,-0.3015075376884422,-0.19095477386934673,-0.24790619765494137
7,0.0,0.0,-0.16134453781512606,-0.13445378151260504,-0.24201680672268908,-0.2722689075630252,-0.292436974789916,-0.36470588235294116,-0.30084033613445377,-0.43025210084033616,-0.08235294117647059,-0.5310924369747899,-0.1092436974789916,-0.7109243697478992,-0.1226890756302521,-0.8504201680672269,-0.1226890756302521,-0.9563025210084034,0.023529411764705882,-0.48403361344537815,-0.043697478991596636,-0.7159663865546219,-0.0907563025210084,-0.880672268907563,-0.11260504201680673,-1.0,0.07058823529411765,-0.4016806722689076,-0.13277310924369748,-0.561344537815126,-0.21176470588235294,-0.44201680672268906,-0.20168067226890757,-0.3563025210084034,0.06386554621848739,-0.30084033613445377,-0.16974789915966387,-0.3764705882352941,-0.2184873949579832,-0.2991596638655462,-0.1949579831932773,-0.2453781512605042
7,0.0,0.0,-0.1605351170568562,-0.1354515050167224,-0.2391304347826087,-0.27591973244147155,-0.28929765886287623,-0.36622073578595316,-0.2959866220735786,-0.4331103678929766,-0.0802675585284281,-0.5301003344481605,-0.10869565217391304,-0.7107023411371237,-0.12040133779264214,-0.8478260869565217,-0.12040133779264214,-0.9531772575250836,0.02508361204013378,-0.48327759197324416,-0.04180602006688963,-0.717391304347826,-0.08862876254180602,-0.8812709030100334,-0.10869565217391304,-1.0,0.07190635451505016,-0.40301003344481606,-0.13210702341137123,-0.560200668896321,-0.21070234113712374,-0.4397993311036789,-0.19899665551839466,-0.35618729096989965,0.06688963210702341,-0.3010033444816054,-0.16555183946488294,-0.3762541806020067,-0.2140468227424749,-0.2993311036789298,-0.18896321070234115,-0.24581939799331104
7,0.0,0.0,-0.1652754590984975,-0.1352253756260434,-0.24540901502504173,-0.27378964941569284,-0.2938230383973289,-0.3639398998330551,-0.3005008347245409,-0.4340567612687813,-0.08681135225375626,-0.5308848080133556,-0.11018363939899833,-0.7128547579298832,-0.12186978297161936,-0.8497495826377296,-0.12186978297161936,-0.9549248747913188,0.018363939899833055,-0.48414023372287146,-0.045075125208681135,-0.7178631051752922,-0.09181969949916527,-0.8814691151919867,-0.11352253756260434,-1.0,0.0667779632721202,-0.4023372287145242,-0.1352253756260434,-0.5609348914858097,-0.21368948247078465,-0.43906510851419034,-0.2036727879799666,-0.35225375626043404,0.06010016694490818,-0.3021702838063439,-0.1686143572621035,-0.3756260434056761,-0.22036727879799667,-0.2988313856427379,-0.19532554257095158,-0.24540901502504173
7,0.0,0.0,-0.1658291457286432,-0.13400335008375208,-0.24790619765494137,-0.2780569514237856,-0.2981574539363484,-0.37018425460636517,-0.3065326633165829,-0.4355108877721943,-0.08710217755443886,-0.5309882747068677,-0.11055276381909548,-0.711892797319933,-0.12395309882747069,-0.8492462311557789,-0.12562814070351758,-0.9547738693467337,0.018425460636515914,-0.48743718592964824,-0.04522613065326633,-0.7169179229480737,-0.09547738693467336,-0.88107202680067,-0.12060301507537688,-1.0,0.06532663316582915,-0.40703517587939697,-0.1440536013400335,-0.559463986599665,-0.21943048576214405,-0.4355108877721943,-0.20603015075376885,-0.35175879396984927,0.05862646566164154,-0.30318257956448913,-0.17587939698492464,-0.37520938023450584,-0.22278056951423786,-0.2948073701842546,-0.19765494137353434,-0.24120603015075376
7,0.0,0.0,-0.1686143572621035,-0.1318864774624374,-0.25041736227045075,-0.27545909849749584,-0.3005008347245409,-0.3672787979966611,-0.3055091819699499,-0.4340567612687813,-0.08514190317195326,-0.5275459098497496,-0.11519198664440734,-0.7111853088480802,-0.1285475792988314,-0.8497495826377296,-0.1318864774624374,-0.9565943238731218,0.01669449081803005,-0.48414023372287146,-0.048414023372287146,-0.7161936560934892,-0.09682804674457429,-0.8814691151919867,-0.12186978297161936,-1.0,0.06176961602671119,-0.4040066777963272,-0.14691151919866444,-0.5559265442404007,-0.22203672787979967,-0.4323873121869783,-0.21202003338898165,-0.34724540901502504,0.05676126878130217,-0.3021702838063439,-0.17696160267111852,-0.3756260434056761,-0.22537562604340566,-0.29549248747913187,-0.2003338898163606,-0.24040066777963273
7,0.0,0.0,-0.1688963210702341,-0.1354515050167224,-0.2508361204013378,-0.2792642140468227,-0.30267558528428096,-0.3712374581939799,-0.3110367892976589,-0.43812709030100333,-0.08862876254180602,-0.5284280936454849,-0.11872909698996656,-0.7123745819397993,-0.13377926421404682,-0.8511705685618729,-0.13879598662207357,-0.9565217391304348,0.015050167224080268,-0.48494983277591974,-0.051839464882943144,-0.7157190635451505,-0.1020066889632107,-0.8812709030100334,-0.12876254180602006,-1.0,0.06020066889632107,-0.40635451505016723,-0.1488294314381271,-0.5618729096989966,-0.22408026755852842,-0.43812709030100333,-0.2140468227424749,-0.3511705685618729,0.05351170568561873,-0.3060200668896321,-0.18227424749163879,-0.3779264214046823,-0.22909698996655517,-0.2976588628762542,-0.20234113712374582,-0.24414715719063546
7,0.0,0.0,-0.1611295681063123,-0.13122923588039867,-0.24086378737541528,-0.2724252491694352,-0.28903654485049834,-0.36212624584717606,-0.30564784053156147,-0.43023255813953487,-0.08803986710963455,-0.5249169435215947,-0.11461794019933555,-0.7043189368770764,-0.12790697674418605,-0.8421926910299004,-0.12956810631229235,-0.9485049833887044,0.014950166112956811,-0.48172757475083056,-0.04817275747508306,-0.7126245847176079,-0.09634551495016612,-0.8787375415282392,-0.11794019933554817,-1.0,0.061461794019933555,-0.40365448504983387,-0.13953488372093023,-0.5564784053156147,-0.21760797342192692,-0.4335548172757475,-0.2059800664451827,-0.34717607973421927,0.05813953488372093,-0.30398671096345514,-0.1760797342192691,-0.37375415282392027,-0.22259136212624583,-0.29069767441860467,-0.19601328903654486,-0.23588039867109634
7,0.0,0.0,-0.16610738255033558,-0.12751677852348994,-0.2483221476510067,-0.2684563758389262,-0.2986577181208054,-0.36073825503355705,-0.3087248322147651,-0.43288590604026844,-0.09060402684563758,-0.5302013422818792,-0.11409395973154363,-0.7114093959731543,-0.12751677852348994,-0.8506711409395973,-0.12919463087248323,-0.9563758389261745,0.015100671140939598,-0.4865771812080537,-0.04697986577181208,-0.714765100671141,-0.09731543624161074,-0.8808724832214765,-0.12416107382550336,-1.0,0.06208053691275168,-0.40604026845637586,-0.14261744966442952,-0.5620805369127517,-0.2197986577181208,-0.436241610738255,-0.2080536912751678,-0.348993288590604,0.0587248322147651,-0.3070469798657718,-0.17785234899328858,-0.37583892617449666,-0.22483221476510068,-0.2936241610738255,-0.19966442953020133,-0.23993288590604026
7,0.0,0.0,-0.16722408026755853,-0.12876254180602006,-0.2491638795986622,-0.2692307692307692,-0.2976588628762542,-0.35785953177257523,-0.3093645484949833,-0.431438127090301,-0.0903010033444816,-0.5250836120401338,-0.12040133779264214,-0.7107023411371237,-0.1354515050167224,-0.8494983277591973,-0.13879598662207357,-0.9565217391304348,0.016722408026755852,-0.48327759197324416,-0.048494983277591976,-0.7157190635451505,-0.09698996655518395,-0.8812709030100334,-0.11872909698996656,-1.0,0.06354515050167224,-0.40301003344481606,-0.14046822742474915,-0.5618729096989966,-0.21739130434782608,-0.43812709030100333,-0.20903010033444816,-0.3511705685618729,0.05852842809364549,-0.30267558528428096,-0.17558528428093645,-0.3745819397993311,-0.225752508361204,-0.29431438127090304,-0.20234113712374582,-0.2391304347826087
7,0.0,0.0,-0.16833333333333333,-0.13,-0.25,-0.2683333333333333,-0.3,-0.35833333333333334,-0.31166666666666665,-0.43,-0.09333333333333334,-0.5233333333333333,-0.12333333333333334,-0.7083333333333334,-0.13666666666666666,-0.8483333333333334,-0.13833333333333334,-0.9566666666666667,0.011666666666666667,-0.4816666666666667,-0.051666666666666666,-0.7133333333333334,-0.09833333333333333,-0.88,-0.12166666666666667,-1.0,0.058333333333333334,-0.4033333333333333,-0.14333333333333334,-0.5566666666666666,-0.22166666666666668,-0.43333333333333335,-0.215,-0.3466666666666667,0.05333333333333334,-0.30333333333333334,-0.17666666666666667,-0.37333333333333335,-0.22666666666666666,-0.2916666666666667,-0.205,-0.23666666666666666
7,0.0,0.0,-0.16555183946488294,-0.12876254180602006,-0.24581939799331104,-0.26588628762541805,-0.2959866220735786,-0.35451505016722407,-0.3076923076923077,-0.4280936454849498,-0.08528428093645485,-0.5217391304347826,-0.11371237458193979,-0.7073578595317725,-0.12876254180602006,-0.8478260869565217,-0.13043478260869565,-0.9565217391304348,0.01839464882943144,-0.479933110367893,-0.046822742474916385,-0.7140468227424749,-0.09866220735785954,-0.8812709030100334,-0.12374581939799331,-1.0,0.06354515050167224,-0.4013377926421405,-0.14046822742474915,-0.5585284280936454,-0.21906354515050167,-0.43478260869565216,-0.20903010033444816,-0.34782608695652173,0.05852842809364549,-0.3010033444816054,-0.17391304347826086,-0.3745819397993311,-0.22408026755852842,-0.29264214046822745,-0.20066889632107024,-0.23745819397993312
7,0.0,0.0,-0.1652754590984975,-0.1302170283806344,-0.24707846410684475,-0.2687813021702838,-0.29716193656093487,-0.3589315525876461,-0.3038397328881469,-0.4340567612687813,-0.08180300500834725,-0.5242070116861436,-0.11519198664440734,-0.7095158597662772,-0.1302170283806344,-0.8480801335559266,-0.1335559265442404,-0.9549248747913188,0.021702838063439065,-0.48080133555926546,-0.04674457429048414,-0.7161936560934892,-0.09515859766277128,-0.8814691151919867,-0.11853088480801335,-1.0,0.06844741235392321,-0.3989983305509182,-0.13856427378964942,-0.5592654424040067,-0.21535893155258765,-0.4357262103505843,-0.20534223706176963,-0.34891485809682804,0.06176961602671119,-0.29716193656093487,-0.17028380634390652,-0.3756260434056761,-0.22036727879799667,-0.29716193656093487,-0.1986644407345576,-0.24373956594323873
7,0.0,0.0,-0.17028380634390652,-0.1335559265442404,-0.25041736227045075,-0.27212020033388984,-0.3005008347245409,-0.3622704507512521,-0.3105175292153589,-0.4357262103505843,-0.08514190317195326,-0.5258764607679466,-0.11519198664440734,-0.7095158597662772,-0.12687813021702837,-0.8464106844741235,-0.1302170283806344,-0.9515859766277128,0.018363939899833055,-0.48247078464106846,-0.05008347245409015,-0.7161936560934892,-0.09849749582637729,-0.8797996661101837,-0.12186978297161936,-1.0,0.06176961602671119,-0.4006677796327212,-0.14357262103505844,-0.5592654424040067,-0.22036727879799667,-0.4357262103505843,-0.21035058430717862,-0.34891485809682804,0.05509181969949917,-0.3005008347245409,-0.17529215358931552,-0.3739565943238731,-0.2270450751252087,-0.29549248747913187,-0.2020033388981636,-0.24373956594323873
7,0.0,0.0,-0.16026711185308848,-0.1318864774624374,-0.24373956594323873,-0.27212020033388984,-0.2921535893155259,-0.3639398998330551,-0.3055091819699499,-0.4373956594323873,-0.08514190317195326,-0.5308848080133556,-0.11185308848080133,-0.7128547579298832,-0.12687813021702837,-0.8514190317195326,-0.1302170283806344,-0.9582637729549248,0.021702838063439065,-0.48414023372287146,-0.04340567612687813,-0.7161936560934892,-0.09348914858096828,-0.8814691151919867,-0.12020033388981637,-1.0,0.06844741235392321,-0.4023372287145242,-0.13856427378964942,-0.5626043405676127,-0.21368948247078465,-0.44073455759599334,-0.2003338898163606,-0.35392320534223703,0.06343906510851419,-0.3021702838063439,-0.17195325542570952,-0.3772954924874791,-0.22036727879799667,-0.2988313856427379,-0.19532554257095158,-0.24540901502504173
7,0.0,0.0,-0.16472545757071547,-0.1314475873544093,-0.24625623960066556,-0.26955074875207985,-0.2945091514143095,-0.3577371048252912,-0.30615640599001664,-0.43261231281198004,-0.08818635607321132,-0.5274542429284526,-0.11647254575707154,-0.7071547420965059,-0.1281198003327787,-0.8452579034941764,-0.1314475873544093,-0.9500831946755408,0.016638935108153077,-0.480865224625624,-0.04658901830282862,-0.7171381031613977,-0.09484193011647254,-0.8818635607321131,-0.11813643926788686,-1.0,0.0632279534109817,-0.40099833610648916,-0.13976705490848584,-0.5590682196339434,-0.21797004991680533,-0.43760399334442596,-0.2079866888519135,-0.34941763727121466,0.05823627287853577,-0.2995008319467554,-0.1713810316139767,-0.37603993344425957,-0.22296173044925124,-0.2978369384359401,-0.19966722129783693,-0.24292845257903495
7,0.0,0.0,-0.1610738255033557,-0.13087248322147652,-0.24496644295302014,-0.2701342281879195,-0.2953020134228188,-0.3640939597315436,-0.3053691275167785,-0.43456375838926176,-0.07885906040268456,-0.5285234899328859,-0.10738255033557047,-0.7130872483221476,-0.11912751677852348,-0.8540268456375839,-0.12248322147651007,-0.959731543624161,0.026845637583892617,-0.48322147651006714,-0.040268456375838924,-0.7164429530201343,-0.09228187919463088,-0.8808724832214765,-0.1174496644295302,-1.0,0.07214765100671142,-0.401006711409396,-0.13758389261744966,-0.5604026845637584,-0.21308724832214765,-0.43791946308724833,-0.20134228187919462,-0.3523489932885906,0.06543624161073826,-0.2986577181208054,-0.16946308724832215,-0.3775167785234899,-0.2181208053691275,-0.2986577181208054,-0.19630872483221476,-0.24496644295302014
7,0.0,0.0,-0.15859766277128548,-0.1318864774624374,-0.2370617696160267,-0.2704507512520868,-0.2854757929883139,-0.3622704507512521,-0.29549248747913187,-0.4290484140233723,-0.08013355592654424,-0.5308848080133556,-0.10350584307178631,-0.7095158597662772,-0.11686143572621036,-0.8480801335559266,-0.11519198664440734,-0.9532554257095158,0.02671118530884808,-0.48247078464106846,-0.038397328881469114,-0.7145242070116862,-0.08681135225375626,-0.8797996661101837,-0.10851419031719532,-1.0,0.07345575959933222,-0.3989983305509182,-0.1285475792988314,-0.5575959933222037,-0.20868113522537562,-0.44073455759599334,-0.1986644407345576,-0.35392320534223703,0.06844741235392321,-0.29716193656093487,-0.1636060100166945,-0.3722871452420701,-0.21535893155258765,-0.29716193656093487,-0.19031719532554256,-0.24540901502504173
7,0.0,0.0,-0.15551839464882944,-0.13210702341137123,-0.23578595317725753,-0.2725752508361204,-0.28595317725752506,-0.36789297658862874,-0.28929765886287623,-0.4297658862876254,-0.07859531772575251,-0.5317725752508361,-0.1020066889632107,-0.7123745819397993,-0.11371237458193979,-0.8494983277591973,-0.11371237458193979,-0.9548494983277592,0.028428093645484948,-0.48327759197324416,-0.038461538461538464,-0.7140468227424749,-0.08528428093645485,-0.8795986622073578,-0.10869565217391304,-1.0,0.07525083612040134,-0.3996655518394649,-0.12374581939799331,-0.560200668896321,-0.2040133779264214,-0.4431438127090301,-0.19230769230769232,-0.35618729096989965,0.06856187290969899,-0.2993311036789298,-0.1605351170568562,-0.3762541806020067,-0.21237458193979933,-0.2993311036789298,-0.18896321070234115,-0.24581939799331104
7,0.0,0.0,-0.16139767054908485,-0.13477537437603992,-0.24625623960066556,-0.2762063227953411,-0.2995008319467554,-0.37104825291181365,-0.2978369384359401,-0.43427620632279534,-0.08652246256239601,-0.5324459234608985,-0.11314475873544093,-0.7138103161397671,-0.12479201331114809,-0.8502495840266223,-0.12479201331114809,-0.956738768718802,0.018302828618968387,-0.4858569051580699,-0.048252911813643926,-0.7154742096505824,-0.09484193011647254,-0.8801996672212978,-0.11647254575707154,-1.0,0.064891846921797,-0.4043261231281198,-0.13810316139767054,-0.5640599001663894,-0.21630615640599002,-0.4442595673876872,-0.20299500831946754,-0.3577371048252912,0.05823627287853577,-0.30449251247920134,-0.17470881863560733,-0.3793677204658902,-0.22296173044925124,-0.3011647254575707,-0.19633943427620631,-0.24792013311148087
7,0.0,0.0,-0.1605351170568562,-0.13377926421404682,-0.2391304347826087,-0.27424749163879597,-0.28762541806020064,-0.36622073578595316,-0.30434782608695654,-0.431438127090301,-0.08528428093645485,-0.5334448160535117,-0.10367892976588629,-0.7107023411371237,-0.12040133779264214,-0.8478260869565217,-0.12374581939799331,-0.9531772575250836,0.023411371237458192,-0.48494983277591974,-0.043478260869565216,-0.7140468227424749,-0.09531772575250837,-0.8795986622073578,-0.12207357859531773,-1.0,0.06688963210702341,-0.40301003344481606,-0.1354515050167224,-0.5585284280936454,-0.2140468227424749,-0.4397993311036789,-0.20066889632107024,-0.35618729096989965,0.05852842809364549,-0.30267558528428096,-0.17558528428093645,-0.3762541806020067,-0.22240802675585283,-0.2976588628762542,-0.1956521739130435,-0.24414715719063546
7,0.0,0.0,-0.16666666666666666,-0.13,-0.24666666666666667,-0.26666666666666666,-0.2966666666666667,-0.355,-0.30833333333333335,-0.43333333333333335,-0.08166666666666667,-0.5283333333333333,-0.11333333333333333,-0.7116666666666667,-0.12666666666666668,-0.85,-0.13,-0.9583333333333334,0.02,-0.48333333333333334,-0.045,-0.7166666666666667,-0.09333333333333334,-0.8816666666666667,-0.11666666666666667,-1.0,0.065,-0.40166666666666667,-0.14166666666666666,-0.5583333333333333,-0.21833333333333332,-0.43833333333333335,-0.20833333333333334,-0.35333333333333333,0.058333333333333334,-0.3,-0.17333333333333334,-0.37666666666666665,-0.22333333333333333,-0.3,-0.19833333333333333,-0.245
7,0.0,0.0,-0.16750418760469013,-0.13400335008375208,-0.24790619765494137,-0.2730318257956449,-0.2998324958123953,-0.36515912897822445,-0.31155778894472363,-0.4355108877721943,-0.08375209380234507,-0.5309882747068677,-0.11390284757118928,-0.711892797319933,-0.1273031825795645,-0.8492462311557789,-0.12897822445561138,-0.9530988274706867,0.020100502512562814,-0.48743718592964824,-0.04522613065326633,-0.7185929648241206,-0.09547738693467336,-0.8827470686767169,-0.11892797319932999,-1.0,0.06532663316582915,-0.4053601340033501,-0.1423785594639866,-0.5644891122278057,-0.21943048576214405,-0.4438860971524288,-0.20770519262981574,-0.35678391959798994,0.05862646566164154,-0.30318257956448913,-0.17420435510887772,-0.3785594639865997,-0.22278056951423786,-0.2998324958123953,-0.19765494137353434,-0.24623115577889448
7,0.0,0.0,-0.17028380634390652,-0.1335559265442404,-0.24874791318864775,-0.27378964941569284,-0.2988313856427379,-0.3639398998330551,-0.3088480801335559,-0.4357262103505843,-0.08514190317195326,-0.5292153589315526,-0.11853088480801335,-0.7111853088480802,-0.1318864774624374,-0.8464106844741235,-0.1335559265442404,-0.9515859766277128,0.018363939899833055,-0.48414023372287146,-0.048414023372287146,-0.7178631051752922,-0.09515859766277128,-0.8814691151919867,-0.11686143572621036,-1.0,0.06343906510851419,-0.4040066777963272,-0.14023372287145242,-0.5609348914858097,-0.21869782971619364,-0.43906510851419034,-0.20701168614357263,-0.35392320534223703,0.05843071786310518,-0.3005008347245409,-0.17195325542570952,-0.3739565943238731,-0.22203672787979967,-0.29716193656093487,-0.1986644407345576,-0.24540901502504173
7,0.0,0.0,-0.1605351170568562,-0.13210702341137123,-0.2391304347826087,-0.2725752508361204,-0.28762541806020064,-0.36622073578595316,-0.3010033444816054,-0.4331103678929766,-0.0802675585284281,-0.5301003344481605,-0.10702341137123746,-0.7123745819397993,-0.12040133779264214,-0.8494983277591973,-0.12374581939799331,-0.9548494983277592,0.02508361204013378,-0.48327759197324416,-0.04180602006688963,-0.7157190635451505,-0.0903010033444816,-0.8812709030100334,-0.11538461538461539,-1.0,0.07190635451505016,-0.4013377926421405,-0.1354515050167224,-0.560200668896321,-0.21070234113712374,-0.4397993311036789,-0.19899665551839466,-0.35451505016722407,0.06354515050167224,-0.2993311036789298,-0.1688963210702341,-0.3745819397993311,-0.21739130434782608,-0.2993311036789298,-0.19230769230769232,-0.24581939799331104
7,0.0,0.0,-0.1541038525963149,-0.1323283082077052,-0.23618090452261306,-0.271356783919598,-0.2847571189279732,-0.36348408710217756,-0.2931323283082077,-0.4304857621440536,-0.07872696817420435,-0.5309882747068677,-0.10385259631490787,-0.7102177554438861,-0.11725293132328309,-0.8492462311557789,-0.11725293132328309,-0.9547738693467337,0.02847571189279732,-0.48408710217755446,-0.035175879396984924,-0.7152428810720268,-0.08375209380234507,-0.88107202680067,-0.10552763819095477,-1.0,0.07537688442211055,-0.4020100502512563,-0.12395309882747069,-0.5644891122278057,-0.20435510887772193,-0.4438860971524288,-0.19430485762144054,-0.35678391959798994,0.07035175879396985,-0.2998324958123953,-0.16080402010050251,-0.3785594639865997,-0.21273031825795644,-0.2998324958123953,-0.18760469011725292,-0.24455611390284757
7,0.0,0.0,-0.15577889447236182,-0.1323283082077052,-0.23785594639865998,-0.271356783919598,-0.288107202680067,-0.36348408710217756,-0.2931323283082077,-0.4288107202680067,-0.08040201005025126,-0.5343383584589615,-0.10720268006700168,-0.7135678391959799,-0.12060301507537688,-0.8492462311557789,-0.12227805695142378,-0.9547738693467337,0.02512562814070352,-0.48743718592964824,-0.04020100502512563,-0.7169179229480737,-0.08710217755443886,-0.88107202680067,-0.11055276381909548,-1.0,0.07202680067001675,-0.4020100502512563,-0.12897822445561138,-0.5628140703517588,-0.20770519262981574,-0.4438860971524288,-0.19597989949748743,-0.35845896147403683,0.06700167504187604,-0.2998324958123953,-0.1624790619765494,-0.3768844221105528,-0.21273031825795644,-0.2998324958123953,-0.18927973199329984,-0.24623115577889448
7,0.0,0.0,-0.15268456375838926,-0.13590604026845637,-0.23154362416107382,-0.2751677852348993,-0.28187919463087246,-0.37080536912751677,-0.28859060402684567,-0.43456375838926176,-0.07214765100671142,-0.5318791946308725,-0.09731543624161074,-0.7114093959731543,-0.11241610738255034,-0.8489932885906041,-0.11577181208053691,-0.9530201342281879,0.03523489932885906,-0.4865771812080537,-0.031879194630872486,-0.7164429530201343,-0.08221476510067115,-0.8825503355704698,-0.10906040268456375,-1.0,0.07885906040268456,-0.40604026845637586,-0.12416107382550336,-0.5671140939597316,-0.20302013422818793,-0.4463087248322148,-0.1912751677852349,-0.36073825503355705,0.07214765100671142,-0.3036912751677852,-0.1610738255033557,-0.37919463087248323,-0.20973154362416108,-0.30201342281879195,-0.18456375838926176,-0.2483221476510067
7,0.0,0.0,-0.1605351170568562,-0.13210702341137123,-0.24247491638795987,-0.2725752508361204,-0.2976588628762542,-0.36789297658862874,-0.3010033444816054,-0.4331103678929766,-0.08695652173913043,-0.5301003344481605,-0.11036789297658862,-0.7123745819397993,-0.12207357859531773,-0.8528428093645485,-0.12207357859531773,-0.959866220735786,0.016722408026755852,-0.48494983277591974,-0.046822742474916385,-0.7157190635451505,-0.09364548494983277,-0.882943143812709,-0.11538461538461539,-1.0,0.061872909698996656,-0.40468227424749165,-0.13712374581939799,-0.5618729096989966,-0.21739130434782608,-0.4397993311036789,-0.205685618729097,-0.35451505016722407,0.05852842809364549,-0.30267558528428096,-0.17391304347826086,-0.3779264214046823,-0.22240802675585283,-0.2976588628762542,-0.1956521739130435,-0.24247491638795987
7,0.0,0.0,-0.15294117647058825,-0.13109243697478992,-0.23529411764705882,-0.2722689075630252,-0.28403361344537814,-0.3663865546218487,-0.2907563025210084,-0.42857142857142855,-0.08235294117647059,-0.534453781512605,-0.09747899159663866,-0.7109243697478992,-0.11260504201680673,-0.8487394957983193,-0.11764705882352941,-0.9546218487394958,0.02857142857142857,-0.4890756302521008,-0.031932773109243695,-0.7142857142857143,-0.08403361344537816,-0.880672268907563,-0.11428571428571428,-1.0,0.07563025210084033,-0.40672268907563025,-0.12941176470588237,-0.5630252100840336,-0.20336134453781513,-0.4403361344537815,-0.18487394957983194,-0.35798319327731093,0.07058823529411765,-0.30756302521008405,-0.16806722689075632,-0.37478991596638656,-0.21008403361344538,-0.29411764705882354,-0.17983193277310924,-0.24369747899159663
7,0.0,0.0,-0.15719063545150502,-0.13210702341137123,-0.23745819397993312,-0.27591973244147155,-0.28762541806020064,-0.3695652173913043,-0.2909698996655518,-0.431438127090301,-0.07859531772575251,-0.5334448160535117,-0.10367892976588629,-0.7140468227424749,-0.11705685618729098,-0.8511705685618729,-0.11872909698996656,-0.9548494983277592,0.028428093645484948,-0.4866220735785953,-0.03511705685618729,-0.717391304347826,-0.08361204013377926,-0.8795986622073578,-0.10535117056856187,-1.0,0.07525083612040134,-0.40301003344481606,-0.12876254180602006,-0.5635451505016722,-0.2040133779264214,-0.4397993311036789,-0.19230769230769232,-0.35618729096989965,0.07190635451505016,-0.2993311036789298,-0.16220735785953178,-0.3745819397993311,-0.20735785953177258,-0.2959866220735786,-0.1806020066889632,-0.24414715719063546
7,0.0,0.0,-0.15719063545150502,-0.1354515050167224,-0.2391304347826087,-0.27759197324414714,-0.28929765886287623,-0.3712374581939799,-0.2909698996655518,-0.4331103678929766,-0.08361204013377926,-0.5384615384615384,-0.10367892976588629,-0.717391304347826,-0.11538461538461539,-0.8545150501672241,-0.11705685618729098,-0.959866220735786,0.023411371237458192,-0.4899665551839465,-0.04013377926421405,-0.717391304347826,-0.08695652173913043,-0.8812709030100334,-0.10869565217391304,-1.0,0.07023411371237458,-0.40635451505016723,-0.13043478260869565,-0.5652173913043478,-0.20735785953177258,-0.4414715719063545,-0.1939799331103679,-0.35618729096989965,0.06856187290969899,-0.3010033444816054,-0.16387959866220736,-0.3779264214046823,-0.21070234113712374,-0.2993311036789298,-0.18394648829431437,-0.24414715719063546
7,0.0,0.0,-0.16302521008403362,-0.13445378151260504,-0.24033613445378152,-0.2773109243697479,-0.28907563025210087,-0.373109243697479,-0.29747899159663865,-0.43529411764705883,-0.08067226890756303,-0.5327731092436975,-0.10588235294117647,-0.7142857142857143,-0.11932773109243698,-0.8487394957983193,-0.1226890756302521,-0.9529411764705882,0.02689075630252101,-0.48739495798319327,-0.040336134453781515,-0.719327731092437,-0.08907563025210084,-0.880672268907563,-0.11260504201680673,-1.0,0.07226890756302522,-0.4050420168067227,-0.13277310924369748,-0.5663865546218487,-0.21008403361344538,-0.44201680672268906,-0.1949579831932773,-0.3563025210084034,0.06722689075630252,-0.3025210084033613,-0.16638655462184873,-0.3764705882352941,-0.2134453781512605,-0.29747899159663865,-0.18487394957983194,-0.2453781512605042
7,0.0,0.0,-0.16220735785953178,-0.13377926421404682,-0.2408026755852843,-0.27591973244147155,-0.28929765886287623,-0.36789297658862874,-0.2959866220735786,-0.4331103678929766,-0.08528428093645485,-0.5334448160535117,-0.10869565217391304,-0.7123745819397993,-0.12040133779264214,-0.8494983277591973,-0.12040133779264214,-0.9548494983277592,0.021739130434782608,-0.4866220735785953,-0.04013377926421405,-0.717391304347826,-0.08695652173913043,-0.8812709030100334,-0.10869565217391304,-1.0,0.07023411371237458,-0.40468227424749165,-0.13210702341137123,-0.5618729096989966,-0.21070234113712374,-0.4397993311036789,-0.19732441471571907,-0.35451505016722407,0.06688963210702341,-0.30267558528428096,-0.16722408026755853,-0.3762541806020067,-0.2140468227424749,-0.2959866220735786,-0.18896321070234115,-0.2408026755852843
7,0.0,0.0,-0.1644295302013423,-0.1325503355704698,-0.24161073825503357,-0.27348993288590606,-0.2902684563758389,-0.3640939597315436,-0.2986577181208054,-0.43456375838926176,-0.08221476510067115,-0.5318791946308725,-0.10906040268456375,-0.709731543624161,-0.12248322147651007,-0.8456375838926175,-0.12583892617449666,-0.9496644295302014,0.025167785234899327,-0.4865771812080537,-0.040268456375838924,-0.7181208053691275,-0.09060402684563758,-0.8825503355704698,-0.11577181208053691,-1.0,0.07046979865771812,-0.40604026845637586,-0.13590604026845637,-0.5620805369127517,-0.21140939597315436,-0.4395973154362416,-0.19630872483221476,-0.3540268456375839,0.06375838926174497,-0.3053691275167785,-0.16946308724832215,-0.37583892617449666,-0.21476510067114093,-0.2953020134228188,-0.18624161073825504,-0.24161073825503357
7,0.0,0.0,-0.16415410385259632,-0.1323283082077052,-0.24288107202680068,-0.2730318257956449,-0.2897822445561139,-0.36515912897822445,-0.2964824120603015,-0.4338358458961474,-0.08040201005025126,-0.5276381909547738,-0.11055276381909548,-0.7102177554438861,-0.12227805695142378,-0.847571189279732,-0.12395309882747069,-0.9547738693467337,0.023450586264656615,-0.48576214405360135,-0.04020100502512563,-0.7185929648241206,-0.08877721943048576,-0.88107202680067,-0.11222780569514237,-1.0,0.07035175879396985,-0.40703517587939697,-0.13400335008375208,-0.5628140703517588,-0.20938023450586266,-0.4371859296482412,-0.19932998324958123,-0.3500837520938023,0.06532663316582915,-0.304857621440536,-0.16750418760469013,-0.37520938023450584,-0.21273031825795644,-0.2948073701842546,-0.18760469011725292,-0.23953098827470687
7,0.0,0.0,-0.15656565656565657,-0.12962962962962962,-0.234006734006734,-0.2727272727272727,-0.28114478114478114,-0.367003367003367,-0.2895622895622896,-0.4377104377104377,-0.07575757575757576,-0.5336700336700336,-0.10101010101010101,-0.7121212121212122,-0.1127946127946128,-0.8484848484848485,-0.11447811447811448,-0.9528619528619529,0.03198653198653199,-0.4882154882154882,-0.03535353535353535,-0.7205387205387206,-0.08417508417508418,-0.8821548821548821,-0.10942760942760943,-1.0,0.07912457912457913,-0.4074074074074074,-0.12794612794612795,-0.5673400673400674,-0.20202020202020202,-0.44276094276094274,-0.18855218855218855,-0.3569023569023569,0.07407407407407407,-0.3063973063973064,-0.16161616161616163,-0.3787878787878788,-0.20707070707070707,-0.2962962962962963,-0.17845117845117844,-0.24242424242424243
7,0.0,0.0,-0.15966386554621848,-0.13277310924369748,-0.23865546218487396,-0.2773109243697479,-0.28739495798319326,-0.373109243697479,-0.2857142857142857,-0.4369747899159664,-0.0773109243697479,-0.5294117647058824,-0.10420168067226891,-0.7126050420168067,-0.11764705882352941,-0.8504201680672269,-0.11764705882352941,-0.9563025210084034,0.02689075630252101,-0.48403361344537815,-0.03697478991596639,-0.7176470588235294,-0.08403361344537816,-0.8823529411764706,-0.10756302521008404,-1.0,0.07394957983193277,-0.4050420168067227,-0.12436974789915967,-0.5663865546218487,-0.20336134453781513,-0.4436974789915966,-0.19327731092436976,-0.35798319327731093,0.07058823529411765,-0.3042016806722689,-0.16134453781512606,-0.3798319327731092,-0.21008403361344538,-0.30084033613445377,-0.18319327731092436,-0.24705882352941178
7,0.0,0.0,-0.15630252100840336,-0.12941176470588237,-0.23025210084033612,-0.27058823529411763,-0.2773109243697479,-0.3663865546218487,-0.28907563025210087,-0.4336134453781513,-0.07394957983193277,-0.5294117647058824,-0.09915966386554621,-0.7075630252100841,-0.11092436974789915,-0.8436974789915966,-0.11092436974789915,-0.9495798319327731,0.03361344537815126,-0.48403361344537815,-0.03697478991596639,-0.7159663865546219,-0.08571428571428572,-0.8789915966386554,-0.10756302521008404,-1.0,0.07899159663865546,-0.40336134453781514,-0.12436974789915967,-0.5647058823529412,-0.20168067226890757,-0.44201680672268906,-0.18823529411764706,-0.3563025210084034,0.07394957983193277,-0.3025210084033613,-0.15966386554621848,-0.3764705882352941,-0.20504201680672268,-0.29747899159663865,-0.17647058823529413,-0.24369747899159663
7,0.0,0.0,-0.15966386554621848,-0.12941176470588237,-0.24033613445378152,-0.27563025210084036,-0.2907563025210084,-0.3697478991596639,-0.292436974789916,-0.43529411764705883,-0.08403361344537816,-0.5294117647058824,-0.10588235294117647,-0.7109243697478992,-0.11596638655462185,-0.8521008403361344,-0.11260504201680673,-0.957983193277311,0.018487394957983194,-0.4857142857142857,-0.040336134453781515,-0.7176470588235294,-0.08739495798319327,-0.8840336134453781,-0.1092436974789916,-1.0,0.06890756302521009,-0.40672268907563025,-0.12773109243697478,-0.5647058823529412,-0.20672268907563024,-0.4403361344537815,-0.19831932773109243,-0.35294117647058826,0.06890756302521009,-0.3058823529411765,-0.16302521008403362,-0.37815126050420167,-0.21512605042016808,-0.29747899159663865,-0.1915966386554622,-0.24201680672268908
7,0.0,0.0,-0.16080402010050251,-0.1306532663316583,-0.23953098827470687,-0.2747068676716918,-0.288107202680067,-0.37018425460636517,-0.288107202680067,-0.4338358458961474,-0.08542713567839195,-0.5309882747068677,-0.10887772194304858,-0.7102177554438861,-0.12227805695142378,-0.8458961474036851,-0.12562814070351758,-0.9514237855946399,0.023450586264656615,-0.48576214405360135,-0.038525963149078725,-0.7152428810720268,-0.08542713567839195,-0.8793969849246231,-0.11055276381909548,-1.0,0.07370184254606366,-0.4053601340033501,-0.1273031825795645,-0.5628140703517588,-0.20435510887772193,-0.440536013400335,-0.19262981574539365,-0.35678391959798994,0.07202680067001675,-0.304857621440536,-0.16415410385259632,-0.3768844221105528,-0.21273031825795644,-0.2964824120603015,-0.18760469011725292,-0.24288107202680068
7,0.0,0.0,-0.15912897822445563,-0.1306532663316583,-0.23618090452261306,-0.271356783919598,-0.2847571189279732,-0.36515912897822445,-0.2931323283082077,-0.4321608040201005,-0.08207705192629816,-0.5326633165829145,-0.10217755443886097,-0.7102177554438861,-0.11390284757118928,-0.8458961474036851,-0.11557788944723618,-0.9514237855946399,0.02512562814070352,-0.48576214405360135,-0.038525963149078725,-0.7152428810720268,-0.08710217755443886,-0.8793969849246231,-0.11222780569514237,-1.0,0.07370184254606366,-0.4036850921273032,-0.1273031825795645,-0.5611390284757118,-0.20603015075376885,-0.440536013400335,-0.19262981574539365,-0.35510887772194305,0.07035175879396985,-0.30318257956448913,-0.1624790619765494,-0.3768844221105528,-0.21105527638190955,-0.2981574539363484,-0.18425460636515914,-0.24288107202680068
7,0.0,0.0,-0.1624790619765494,-0.12897822445561138,-0.23953098827470687,-0.2730318257956449,-0.2847571189279732,-0.36683417085427134,-0.2914572864321608,-0.4371859296482412,-0.08207705192629816,-0.5276381909547738,-0.10385259631490787,-0.7085427135678392,-0.11557788944723618,-0.8458961474036851,-0.11557788944723618,-0.9514237855946399,0.02680067001675042,-0.4824120603015075,-0.04020100502512563,-0.7152428810720268,-0.08710217755443886,-0.8793969849246231,-0.10887772194304858,-1.0,0.07370184254606366,-0.4036850921273032,-0.12395309882747069,-0.5661641541038526,-0.20435510887772193,-0.440536013400335,-0.19430485762144054,-0.35343383584589616,0.07035175879396985,-0.304857621440536,-0.16415410385259632,-0.37520938023450584,-0.21105527638190955,-0.2964824120603015,-0.18592964824120603,-0.24455611390284757
7,0.0,0.0,-0.1658291457286432,-0.1306532663316583,-0.24288107202680068,-0.2747068676716918,-0.2897822445561139,-0.3685092127303183,-0.2964824120603015,-0.4355108877721943,-0.08542713567839195,-0.525963149078727,-0.11055276381909548,-0.7085427135678392,-0.12060301507537688,-0.8458961474036851,-0.11892797319932999,-0.9514237855946399,0.021775544388609715,-0.4807370184254606,-0.04522613065326633,-0.7135678391959799,-0.09212730318257957,-0.8793969849246231,-0.11222780569514237,-1.0,0.07035175879396985,-0.4020100502512563,-0.12897822445561138,-0.5628140703517588,-0.20938023450586266,-0.4388609715242881,-0.19932998324958123,-0.35175879396984927,0.06700167504187604,-0.30318257956448913,-0.16750418760469013,-0.3768844221105528,-0.21608040201005024,-0.2964824120603015,-0.19095477386934673,-0.24288107202680068
7,0.0,0.0,-0.16026711185308848,-0.1302170283806344,-0.2387312186978297,-0.27545909849749584,-0.2854757929883139,-0.36894824707846413,-0.2888146911519199,-0.4340567612687813,-0.08180300500834725,-0.5275459098497496,-0.10350584307178631,-0.7111853088480802,-0.11352253756260434,-0.8514190317195326,-0.11185308848080133,-0.9582637729549248,0.025041736227045076,-0.48247078464106846,-0.038397328881469114,-0.7145242070116862,-0.08347245409015025,-0.8797996661101837,-0.10350584307178631,-1.0,0.07512520868113523,-0.4040066777963272,-0.12353923205342238,-0.5642737896494157,-0.2036727879799666,-0.43906510851419034,-0.19532554257095158,-0.35392320534223703,0.07178631051752922,-0.3055091819699499,-0.16026711185308848,-0.3772954924874791,-0.21202003338898165,-0.29716193656093487,-0.18864774624373956,-0.24373956594323873
7,0.0,0.0,0.21001926782273603,-0.11753371868978806,0.30057803468208094,-0.23121387283236994,0.3930635838150289,-0.302504816955684,0.44701348747591524,-0.35260115606936415,0.12138728323699421,-0.5048169556840078,0.16184971098265896,-0.7148362235067437,0.1811175337186898,-0.8651252408477842,0.1811175337186898,-0.9942196531791907,0.06551059730250482,-0.464354527938343,0.16570327552986513,-0.7225433526011561,0.21772639691714837,-0.8689788053949904,0.22736030828516376,-1.0,0.07321772639691715,-0.3872832369942196,0.2909441233140655,-0.5645472061657033,0.41040462427745666,-0.47784200385356457,0.4296724470134875,-0.3988439306358382,0.12716763005780346,-0.29865125240847784,0.3217726396917148,-0.41040462427745666,0.3853564547206166,-0.35452793834296725,0.37957610789980734,-0.2909441233140655
7,0.0,0.0,0.20650095602294455,-0.11663479923518165,0.2944550669216061,-0.2294455066921606,0.384321223709369,-0.2982791586998088,0.4359464627151052,-0.35181644359464626,0.11281070745697896,-0.502868068833652,0.15105162523900573,-0.7151051625239006,0.17208413001912046,-0.8661567877629063,0.1739961759082218,-1.0,0.05353728489483748,-0.4569789674952199,0.17590822179732313,-0.6959847036328872,0.25047801147227533,-0.7743785850860421,0.2676864244741874,-0.8489483747609943,0.06500956022944551,-0.38049713193116635,0.28107074569789675,-0.5602294455066922,0.40152963671128106,-0.4780114722753346,0.42065009560229444,-0.3977055449330784,0.12045889101338432,-0.29636711281070743,0.3135755258126195,-0.4072657743785851,0.37667304015296366,-0.35181644359464626,0.37093690248565964,-0.29063097514340347
7,0.0,0.0,0.20754716981132076,-0.11320754716981132,0.2981132075471698,-0.22264150943396227,0.3886792452830189,-0.2943396226415094,0.42641509433962266,-0.33962264150943394,0.12264150943396226,-0.49433962264150944,0.16226415094339622,-0.6924528301886792,0.1811320754716981,-0.8377358490566038,0.1811320754716981,-0.960377358490566,0.06981132075471698,-0.4547169811320755,0.15660377358490565,-0.7075471698113207,0.2,-0.8641509433962264,0.20943396226415095,-1.0,0.07735849056603773,-0.37924528301886795,0.29056603773584905,-0.5471698113207547,0.4018867924528302,-0.45660377358490567,0.4207547169811321,-0.37735849056603776,0.13018867924528302,-0.29056603773584905,0.32264150943396225,-0.39811320754716983,0.38113207547169814,-0.33584905660377357,0.37169811320754714,-0.269811320754717
7,0.0,0.0,0.19889502762430938,-0.12338858195211787,0.292817679558011,-0.2283609576427256,0.3830570902394107,-0.3020257826887661,0.4198895027624309,-0.3462246777163904,0.1141804788213628,-0.48250460405156537,0.15837937384898712,-0.6703499079189686,0.18047882136279927,-0.8103130755064457,0.1841620626151013,-0.9300184162062615,0.06813996316758748,-0.44935543278084716,0.13812154696132597,-0.6979742173112339,0.18047882136279927,-0.858195211786372,0.18968692449355432,-1.0,0.07366482504604052,-0.3756906077348066,0.27624309392265195,-0.5469613259668509,0.39594843462246776,-0.46408839779005523,0.4180478821362799,-0.39042357274401474,0.1270718232044199,-0.289134438305709,0.3149171270718232,-0.3996316758747698,0.3720073664825046,-0.3406998158379374,0.35911602209944754,-0.27808471454880296
7,0.0,0.0,0.20036764705882354,-0.12316176470588236,0.29411764705882354,-0.22242647058823528,0.3860294117647059,-0.29044117647058826,0.4209558823529412,-0.3382352941176471,0.1213235294117647,-0.4852941176470588,0.15992647058823528,-0.6709558823529411,0.17830882352941177,-0.8125,0.17830882352941177,-0.9356617647058824,0.07536764705882353,-0.4485294117647059,0.13970588235294118,-0.6948529411764706,0.17647058823529413,-0.8566176470588235,0.1801470588235294,-1.0,0.07720588235294118,-0.375,0.2775735294117647,-0.5404411764705882,0.3952205882352941,-0.4540441176470588,0.4172794117647059,-0.38419117647058826,0.12683823529411764,-0.2867647058823529,0.3088235294117647,-0.39338235294117646,0.3713235294117647,-0.3327205882352941,0.3639705882352941,-0.27389705882352944
7,0.0,0.0,0.20109689213893966,-0.12431444241316271,0.2961608775137112,-0.22851919561243145,0.3820840950639854,-0.2979890310786106,0.42413162705667273,-0.3382084095063985,0.113345521023766,-0.4826325411334552,0.1590493601462523,-0.6691042047531993,0.1809872029250457,-0.8117001828153565,0.1809872029250457,-0.9323583180987203,0.06946983546617916,-0.453382084095064,0.13893967093235832,-0.696526508226691,0.1736745886654479,-0.8610603290676416,0.1773308957952468,-1.0,0.07495429616087751,-0.37842778793418647,0.2797074954296161,-0.5393053016453382,0.39853747714808047,-0.4606946983546618,0.4259597806215722,-0.39488117001828155,0.12614259597806216,-0.28884826325411334,0.3071297989031079,-0.39488117001828155,0.37294332723948814,-0.3382084095063985,0.3692870201096892,-0.28153564899451555
7,0.0,0.0,0.2037735849056604,-0.12075471698113208,0.2981132075471698,-0.2339622641509434,0.3886792452830189,-0.30377358490566037,0.4320754716981132,-0.35283018867924526,0.11132075471698114,-0.4981132075471698,0.15283018867924528,-0.7018867924528301,0.17735849056603772,-0.8471698113207548,0.1792452830188679,-0.9754716981132076,0.05660377358490566,-0.45849056603773586,0.15283018867924528,-0.7150943396226415,0.2037735849056604,-0.8660377358490566,0.21320754716981133,-1.0,0.06415094339622641,-0.38113207547169814,0.2811320754716981,-0.5584905660377358,0.4018867924528302,-0.47547169811320755,0.4207547169811321,-0.39811320754716983,0.12075471698113208,-0.2943396226415094,0.3169811320754717,-0.4056603773584906,0.3754716981132076,-0.3490566037735849,0.3622641509433962,-0.2849056603773585
7,0.0,0.0,0.21124031007751937,-0.11434108527131782,0.30426356589147285,-0.22674418604651161,0.39728682170542634,-0.29457364341085274,0.43410852713178294,-0.3430232558139535,0.12790697674418605,-0.5135658914728682,0.16279069767441862,-0.7228682170542635,0.18023255813953487,-0.8701550387596899,0.1821705426356589,-1.0,0.06589147286821706,-0.46705426356589147,0.1686046511627907,-0.7209302325581395,0.22674418604651161,-0.8546511627906976,0.2364341085271318,-0.9709302325581395,0.07170542635658915,-0.38372093023255816,0.2868217054263566,-0.562015503875969,0.40891472868217055,-0.47674418604651164,0.42441860465116277,-0.3953488372093023,0.12403100775193798,-0.2926356589147287,0.3236434108527132,-0.4050387596899225,0.3856589147286822,-0.34689922480620156,0.3701550387596899,-0.2810077519379845
7,0.0,0.0,0.20961538461538462,-0.11730769230769231,0.3,-0.22692307692307692,0.3923076923076923,-0.2980769230769231,0.4403846153846154,-0.34615384615384615,0.12115384615384615,-0.5057692307692307,0.16153846153846155,-0.7173076923076923,0.18076923076923077,-0.8653846153846154,0.18269230769230768,-0.9942307692307693,0.06346153846153846,-0.46153846153846156,0.16153846153846155,-0.7192307692307692,0.21153846153846154,-0.8692307692307693,0.2230769230769231,-1.0,0.07115384615384615,-0.38269230769230766,0.2903846153846154,-0.5596153846153846,0.4115384615384615,-0.47692307692307695,0.4346153846153846,-0.4,0.125,-0.29615384615384616,0.3230769230769231,-0.4076923076923077,0.38269230769230766,-0.35,0.375,-0.2865384615384615
7,0.0,0.0,0.2048417132216015,-0.11173184357541899,0.29608938547486036,-0.21601489757914338,0.3854748603351955,-0.2849162011173184,0.43575418994413406,-0.3333333333333333,0.12849162011173185,-0.48789571694599626,0.17318435754189945,-0.6852886405959032,0.18994413407821228,-0.8305400372439479,0.18994413407821228,-0.9553072625698324,0.0782122905027933,-0.45251396648044695,0.1601489757914339,-0.702048417132216,0.19925512104283055,-0.8640595903165735,0.20670391061452514,-1.0,0.08193668528864059,-0.3780260707635009,0.29608938547486036,-0.5381750465549349,0.41154562383612664,-0.45251396648044695,0.4338919925512104,-0.3761638733705773,0.13221601489757914,-0.2905027932960894,0.3221601489757914,-0.39664804469273746,0.37988826815642457,-0.3370577281191806,0.3687150837988827,-0.2737430167597765
7,0.0,0.0,0.20147874306839186,-0.11829944547134935,0.2975970425138632,-0.22365988909426987,0.38632162661737524,-0.2920517560073937,0.4399260628465804,-0.3438077634011091,0.11829944547134935,-0.47689463955637706,0.16635859519408502,-0.6728280961182994,0.18853974121996303,-0.8170055452865065,0.19038817005545286,-0.9390018484288355,0.07024029574861368,-0.4436229205175601,0.1478743068391867,-0.6931608133086876,0.1866913123844732,-0.8576709796672828,0.19408502772643252,-1.0,0.07578558225508318,-0.37153419593345655,0.28650646950092423,-0.5378927911275416,0.4029574861367837,-0.4584103512014787,0.43068391866913125,-0.38817005545286504,0.12939001848428835,-0.28835489833641403,0.31608133086876156,-0.3955637707948244,0.37153419593345655,-0.34011090573012936,0.36044362292051757,-0.2809611829944547
7,0.0,0.0,0.20037105751391465,-0.11688311688311688,0.29684601113172543,-0.22077922077922077,0.38961038961038963,-0.287569573283859,0.4452690166975881,-0.33766233766233766,0.12059369202226346,-0.47680890538033394,0.16512059369202226,-0.6716141001855288,0.1836734693877551,-0.8144712430426716,0.18738404452690166,-0.9387755102040817,0.07050092764378478,-0.44712430426716143,0.14471243042671614,-0.6957328385899815,0.18738404452690166,-0.8589981447124304,0.19666048237476808,-1.0,0.07606679035250463,-0.37662337662337664,0.2857142857142857,-0.5398886827458256,0.4025974025974026,-0.45640074211502785,0.4267161410018553,-0.3821892393320965,0.1280148423005566,-0.29313543599257885,0.3172541743970315,-0.3970315398886827,0.37662337662337664,-0.33766233766233766,0.3654916512059369,-0.28014842300556586
7,0.0,0.0,0.2029520295202952,-0.11808118081180811,0.3025830258302583,-0.21955719557195572,0.39114391143911437,-0.2859778597785978,0.43357933579335795,-0.3376383763837638,0.12177121771217712,-0.477859778597786,0.16420664206642066,-0.6678966789667896,0.18265682656826568,-0.8118081180811808,0.18081180811808117,-0.9354243542435424,0.07564575645756458,-0.45018450184501846,0.14391143911439114,-0.6937269372693727,0.17896678966789667,-0.8597785977859779,0.18450184501845018,-1.0,0.07933579335793357,-0.3800738007380074,0.2859778597785978,-0.5369003690036901,0.4022140221402214,-0.45202952029520294,0.4317343173431734,-0.38191881918819187,0.12915129151291513,-0.2915129151291513,0.31365313653136534,-0.3948339483394834,0.3763837638376384,-0.33579335793357934,0.37453874538745385,-0.2767527675276753
7,0.0,0.0,0.19963369963369965,-0.1227106227106227,0.29304029304029305,-0.22344322344322345,0.38095238095238093,-0.2893772893772894,0.4249084249084249,-0.3333333333333333,0.11904761904761904,-0.4816849816849817,0.15934065934065933,-0.6684981684981685,0.17765567765567766,-0.8076923076923077,0.17765567765567766,-0.9304029304029304,0.07692307692307693,-0.44871794871794873,0.14285714285714285,-0.6941391941391941,0.17765567765567766,-0.8571428571428571,0.1813186813186813,-1.0,0.07875457875457875,-0.37545787545787546,0.28205128205128205,-0.5384615384615384,0.3992673992673993,-0.4523809523809524,0.4230769230769231,-0.38278388278388276,0.1282051282051282,-0.2875457875457875,0.3076923076923077,-0.3956043956043956,0.36996336996337,-0.33516483516483514,0.36446886446886445,-0.2765567765567766
7,0.0,0.0,0.1963302752293578,-0.12110091743119267,0.28990825688073396,-0.22568807339449543,0.3798165137614679,-0.29541284403669726,0.42201834862385323,-0.3431192660550459,0.11376146788990826,-0.48990825688073397,0.1559633027522936,-0.6807339449541284,0.1724770642201835,-0.8238532110091743,0.1724770642201835,-0.9467889908256881,0.06788990825688074,-0.45688073394495415,0.13944954128440368,-0.7009174311926606,0.1779816513761468,-0.8623853211009175,0.1853211009174312,-1.0,0.07339449541284404,-0.3834862385321101,0.28073394495412846,-0.5431192660550459,0.3981651376146789,-0.46238532110091746,0.42385321100917434,-0.3889908256880734,0.12660550458715597,-0.29357798165137616,0.3100917431192661,-0.4,0.3743119266055046,-0.3431192660550459,0.3706422018348624,-0.28256880733944956
7,0.0,0.0,0.19963369963369965,-0.11721611721611722,0.29304029304029305,-0.2216117216117216,0.38461538461538464,-0.2893772893772894,0.4267399267399267,-0.33516483516483514,0.12087912087912088,-0.47985347985347987,0.16483516483516483,-0.6684981684981685,0.184981684981685,-0.8095238095238095,0.184981684981685,-0.9322344322344323,0.07509157509157509,-0.4468864468864469,0.1446886446886447,-0.6923076923076923,0.1813186813186813,-0.8571428571428571,0.18864468864468864,-1.0,0.07875457875457875,-0.3717948717948718,0.2838827838827839,-0.5347985347985348,0.40293040293040294,-0.4542124542124542,0.42857142857142855,-0.38461538461538464,0.1282051282051282,-0.2838827838827839,0.315018315018315,-0.3882783882783883,0.37545787545787546,-0.3315018315018315,0.3663003663003663,-0.27289377289377287
7,0.0,0.0,0.1974169741697417,-0.11992619926199262,0.2896678966789668,-0.21955719557195572,0.3837638376383764,-0.2878228782287823,0.43357933579335795,-0.33579335793357934,0.11992619926199262,-0.4797047970479705,0.16236162361623616,-0.6715867158671587,0.18081180811808117,-0.8118081180811808,0.18265682656826568,-0.9372693726937269,0.07195571955719557,-0.44280442804428044,0.14391143911439114,-0.6955719557195572,0.1863468634686347,-0.8579335793357934,0.19557195571955718,-1.0,0.07564575645756458,-0.36900369003690037,0.28413284132841327,-0.540590405904059,0.4022140221402214,-0.45571955719557194,0.42435424354243545,-0.38191881918819187,0.12915129151291513,-0.28413284132841327,0.3173431734317343,-0.39114391143911437,0.3726937269372694,-0.33025830258302585,0.35977859778597787,-0.2730627306273063
7,0.0,0.0,0.20373831775700935,-0.11588785046728972,0.29345794392523367,-0.21869158878504674,0.3850467289719626,-0.28598130841121494,0.4261682242990654,-0.3364485981308411,0.11962616822429907,-0.4953271028037383,0.16074766355140188,-0.6915887850467289,0.17757009345794392,-0.8392523364485981,0.17943925233644858,-0.9644859813084112,0.07289719626168224,-0.4504672897196262,0.14953271028037382,-0.7046728971962617,0.1925233644859813,-0.8616822429906542,0.20186915887850468,-1.0,0.08037383177570094,-0.37383177570093457,0.28598130841121494,-0.5439252336448598,0.40373831775700936,-0.45794392523364486,0.4261682242990654,-0.3813084112149533,0.13271028037383178,-0.28598130841121494,0.31588785046728973,-0.39065420560747666,0.37570093457943926,-0.33084112149532713,0.36822429906542054,-0.27102803738317754
7,0.0,0.0,0.1989051094890511,-0.12408759124087591,0.2937956204379562,-0.2281021897810219,0.38321167883211676,-0.29744525547445255,0.4215328467153285,-0.3448905109489051,0.11678832116788321,-0.4781021897810219,0.15693430656934307,-0.6642335766423357,0.17518248175182483,-0.8065693430656934,0.177007299270073,-0.9251824817518248,0.07664233576642336,-0.44525547445255476,0.1386861313868613,-0.6916058394160584,0.17518248175182483,-0.8576642335766423,0.17883211678832117,-1.0,0.08029197080291971,-0.3722627737226277,0.28284671532846717,-0.5383211678832117,0.39963503649635035,-0.45255474452554745,0.4233576642335766,-0.3813868613138686,0.13138686131386862,-0.2846715328467153,0.31386861313868614,-0.39416058394160586,0.3740875912408759,-0.33211678832116787,0.36678832116788324,-0.27007299270072993
7,0.0,0.0,0.2011070110701107,-0.11623616236162361,0.2988929889298893,-0.21955719557195572,0.3892988929889299,-0.2896678966789668,0.42988929889298894,-0.3413284132841328,0.11808118081180811,-0.4833948339483395,0.16236162361623616,-0.6752767527675276,0.18081180811808117,-0.8173431734317343,0.18265682656826568,-0.940959409594096,0.07380073800738007,-0.45202952029520294,0.14575645756457564,-0.6974169741697417,0.18450184501845018,-0.8597785977859779,0.1937269372693727,-1.0,0.07933579335793357,-0.37822878228782286,0.2915129151291513,-0.5369003690036901,0.4077490774907749,-0.45387453874538747,0.42988929889298894,-0.38191881918819187,0.13099630996309963,-0.2896678966789668,0.3191881918819188,-0.3929889298892989,0.3800738007380074,-0.3339483394833948,0.3726937269372694,-0.2730627306273063
7,0.0,0.0,0.20722433460076045,-0.12167300380228137,0.30038022813688214,-0.23193916349809887,0.3916349809885932,-0.30038022813688214,0.435361216730038,-0.34980988593155893,0.11406844106463879,-0.5114068441064639,0.15019011406844107,-0.7167300380228137,0.17110266159695817,-0.8669201520912547,0.17110266159695817,-1.0,0.058935361216730035,-0.46577946768060835,0.16539923954372623,-0.7129277566539924,0.2262357414448669,-0.8365019011406845,0.23954372623574144,-0.9505703422053232,0.07034220532319392,-0.38783269961977185,0.2889733840304182,-0.5627376425855514,0.4068441064638783,-0.47718631178707227,0.4220532319391635,-0.3973384030418251,0.12547528517110265,-0.30038022813688214,0.32129277566539927,-0.40304182509505704,0.37832699619771865,-0.34600760456273766,0.3669201520912547,-0.28517110266159695
7,0.0,0.0,0.20220588235294118,-0.11948529411764706,0.2959558823529412,-0.21875,0.38235294117647056,-0.2849264705882353,0.42463235294117646,-0.33455882352941174,0.11764705882352941,-0.4724264705882353,0.15992647058823528,-0.6672794117647058,0.17647058823529413,-0.8106617647058824,0.17647058823529413,-0.9319852941176471,0.07352941176470588,-0.4411764705882353,0.13970588235294118,-0.6948529411764706,0.17647058823529413,-0.8621323529411765,0.18382352941176472,-1.0,0.07536764705882353,-0.3694852941176471,0.2867647058823529,-0.5294117647058824,0.4007352941176471,-0.44669117647058826,0.42830882352941174,-0.375,0.12683823529411764,-0.28308823529411764,0.31066176470588236,-0.3897058823529412,0.3694852941176471,-0.33088235294117646,0.3602941176470588,-0.2702205882352941
7,0.0,0.0,0.19963369963369965,-0.12087912087912088,0.2948717948717949,-0.2216117216117216,0.38278388278388276,-0.2893772893772894,0.42857142857142855,-0.336996336996337,0.11172161172161173,-0.47802197802197804,0.15567765567765568,-0.6721611721611722,0.17765567765567766,-0.8131868131868132,0.1794871794871795,-0.9340659340659341,0.07326007326007326,-0.44505494505494503,0.14285714285714285,-0.6941391941391941,0.17765567765567766,-0.8589743589743589,0.1813186813186813,-1.0,0.08058608058608059,-0.3717948717948718,0.2875457875457875,-0.5347985347985348,0.4010989010989011,-0.4523809523809524,0.4267399267399267,-0.38278388278388276,0.1336996336996337,-0.2838827838827839,0.3131868131868132,-0.3901098901098901,0.3717948717948718,-0.3333333333333333,0.3663003663003663,-0.2765567765567766
7,0.0,0.0,0.1992619926199262,-0.11808118081180811,0.2952029520295203,-0.22140221402214022,0.38191881918819187,-0.2896678966789668,0.4280442804428044,-0.33948339483394835,0.11070110701107011,-0.477859778597786,0.15867158671586715,-0.6734317343173432,0.17896678966789667,-0.8191881918819188,0.18450184501845018,-0.940959409594096,0.06826568265682657,-0.4446494464944649,0.13837638376383765,-0.6937269372693727,0.17343173431734318,-0.8579335793357934,0.18265682656826568,-1.0,0.07749077490774908,-0.37453874538745385,0.2878228782287823,-0.5350553505535055,0.4003690036900369,-0.45387453874538747,0.4280442804428044,-0.38191881918819187,0.12915129151291513,-0.2896678966789668,0.31365313653136534,-0.3929889298892989,0.37084870848708484,-0.33579335793357934,0.36531365313653136,-0.2767527675276753
7,0.0,0.0,0.19889502762430938,-0.11786372007366483,0.292817679558011,-0.22099447513812154,0.3812154696132597,-0.287292817679558,0.4180478821362799,-0.3406998158379374,0.11049723756906077,-0.47882136279926335,0.15653775322283608,-0.6721915285451197,0.17495395948434622,-0.8158379373848987,0.17863720073664824,-0.9355432780847146,0.06998158379373849,-0.44751381215469616,0.13627992633517497,-0.6942909760589319,0.1712707182320442,-0.856353591160221,0.17863720073664824,-1.0,0.07550644567219153,-0.3756906077348066,0.287292817679558,-0.5340699815837937,0.3996316758747698,-0.44935543278084716,0.425414364640884,-0.3775322283609576,0.1289134438305709,-0.287292817679558,0.31307550644567217,-0.39042357274401474,0.3683241252302026,-0.3314917127071823,0.36095764272559855,-0.27255985267034993
7,0.0,0.0,0.2007366482504604,-0.11602209944751381,0.2965009208103131,-0.22099447513812154,0.3848987108655617,-0.289134438305709,0.427255985267035,-0.3388581952117864,0.1141804788213628,-0.48250460405156537,0.15653775322283608,-0.6758747697974218,0.17679558011049723,-0.8176795580110497,0.17863720073664824,-0.9373848987108656,0.0718232044198895,-0.44935543278084716,0.141804788213628,-0.6961325966850829,0.17863720073664824,-0.858195211786372,0.1841620626151013,-1.0,0.07918968692449356,-0.3756906077348066,0.287292817679558,-0.5377532228360957,0.3996316758747698,-0.45119705340699817,0.42173112338858193,-0.37937384898710863,0.13259668508287292,-0.287292817679558,0.3149171270718232,-0.39226519337016574,0.3720073664825046,-0.3333333333333333,0.36279926335174956,-0.27440147329650094
7,0.0,0.0,0.1963302752293578,-0.11926605504587157,0.28990825688073396,-0.22385321100917432,0.3779816513761468,-0.29174311926605506,0.42935779816513764,-0.3412844036697248,0.11192660550458716,-0.48440366972477067,0.15412844036697249,-0.6770642201834862,0.1724770642201835,-0.818348623853211,0.1761467889908257,-0.9412844036697248,0.06788990825688074,-0.45137614678899085,0.13761467889908258,-0.6972477064220184,0.1743119266055046,-0.8587155963302753,0.181651376146789,-1.0,0.07522935779816514,-0.3779816513761468,0.28440366972477066,-0.5431192660550459,0.3963302752293578,-0.45504587155963305,0.41467889908256883,-0.3798165137614679,0.12660550458715597,-0.29174311926605506,0.3100917431192661,-0.3963302752293578,0.3688073394495413,-0.3376146788990826,0.3596330275229358,-0.27889908256880735
7,0.0,0.0,0.2011070110701107,-0.11808118081180811,0.2915129151291513,-0.22140221402214022,0.3800738007380074,-0.2878228782287823,0.4317343173431734,-0.33579335793357934,0.11254612546125461,-0.48154981549815495,0.15498154981549817,-0.6734317343173432,0.1752767527675277,-0.8154981549815498,0.17712177121771217,-0.9391143911439115,0.07011070110701106,-0.44649446494464945,0.14206642066420663,-0.6955719557195572,0.17896678966789667,-0.8579335793357934,0.1863468634686347,-1.0,0.07564575645756458,-0.3726937269372694,0.2859778597785978,-0.5387453874538746,0.4003690036900369,-0.4483394833948339,0.4188191881918819,-0.37453874538745385,0.12915129151291513,-0.2878228782287823,0.31365313653136534,-0.3929889298892989,0.37084870848708484,-0.3339483394833948,0.36162361623616235,-0.2730627306273063
7,0.0,0.0,0.19597069597069597,-0.1227106227106227,0.2893772893772894,-0.21978021978021978,0.38095238095238093,-0.2893772893772894,0.42857142857142855,-0.3424908424908425,0.11721611721611722,-0.4725274725274725,0.15934065934065933,-0.663003663003663,0.1794871794871795,-0.8040293040293041,0.1813186813186813,-0.9230769230769231,0.08058608058608059,-0.43956043956043955,0.14285714285714285,-0.6904761904761905,0.17582417582417584,-0.8571428571428571,0.18315018315018314,-1.0,0.08424908424908426,-0.36813186813186816,0.2875457875457875,-0.5347985347985348,0.40293040293040294,-0.44871794871794873,0.4267399267399267,-0.38095238095238093,0.13553113553113552,-0.2857142857142857,0.3131868131868132,-0.39377289377289376,0.36996336996337,-0.3333333333333333,0.3626373626373626,-0.2765567765567766
7,0.0,0.0,0.1963302752293578,-0.11926605504587157,0.29724770642201837,-0.22752293577981653,0.3853211009174312,-0.29724770642201837,0.42935779816513764,-0.344954128440367,0.11192660550458716,-0.47706422018348627,0.1596330275229358,-0.671559633027523,0.181651376146789,-0.8146788990825689,0.181651376146789,-0.9321100917431193,0.07339449541284404,-0.45321100917431195,0.14128440366972478,-0.6972477064220184,0.1743119266055046,-0.8623853211009175,0.1798165137614679,-1.0,0.08073394495412844,-0.3834862385321101,0.28807339449541286,-0.5376146788990825,0.4055045871559633,-0.45504587155963305,0.43486238532110094,-0.3871559633027523,0.13394495412844037,-0.29357798165137616,0.3137614678899083,-0.3981651376146789,0.3779816513761468,-0.3412844036697248,0.3798165137614679,-0.28440366972477066
7,0.0,0.0,0.19852941176470587,-0.11580882352941177,0.29411764705882354,-0.22058823529411764,0.3860294117647059,-0.29044117647058826,0.43566176470588236,-0.34191176470588236,0.11580882352941177,-0.48161764705882354,0.1636029411764706,-0.6764705882352942,0.18198529411764705,-0.8216911764705882,0.18382352941176472,-0.9448529411764706,0.07352941176470588,-0.45036764705882354,0.14338235294117646,-0.6966911764705882,0.17830882352941177,-0.8584558823529411,0.18198529411764705,-1.0,0.08088235294117647,-0.3786764705882353,0.29044117647058826,-0.5404411764705882,0.40808823529411764,-0.4577205882352941,0.4338235294117647,-0.38419117647058826,0.13419117647058823,-0.29044117647058826,0.3180147058823529,-0.39338235294117646,0.37683823529411764,-0.33639705882352944,0.3694852941176471,-0.2775735294117647
7,0.0,0.0,0.19852941176470587,-0.11397058823529412,0.29411764705882354,-0.21875,0.38419117647058826,-0.28860294117647056,0.4338235294117647,-0.3400735294117647,0.11580882352941177,-0.4834558823529412,0.16176470588235295,-0.6764705882352942,0.18198529411764705,-0.8180147058823529,0.18382352941176472,-0.9411764705882353,0.07536764705882353,-0.4522058823529412,0.14522058823529413,-0.6966911764705882,0.1801470588235294,-0.8584558823529411,0.18566176470588236,-1.0,0.08272058823529412,-0.37683823529411764,0.2922794117647059,-0.5386029411764706,0.40625,-0.4540441176470588,0.43014705882352944,-0.38235294117647056,0.13602941176470587,-0.28860294117647056,0.32169117647058826,-0.3897058823529412,0.3786764705882353,-0.3327205882352941,0.3694852941176471,-0.27389705882352944
7,0.0,0.0,0.2,-0.11376146788990826,0.29541284403669726,-0.21834862385321102,0.3853211009174312,-0.28623853211009176,0.42935779816513764,-0.3376146788990826,0.11559633027522936,-0.47889908256880737,0.1614678899082569,-0.6752293577981652,0.1798165137614679,-0.818348623853211,0.181651376146789,-0.9412844036697248,0.07522935779816514,-0.44770642201834865,0.14495412844036698,-0.6935779816513762,0.1798165137614679,-0.8568807339449541,0.1853211009174312,-1.0,0.08256880733944955,-0.3761467889908257,0.29357798165137616,-0.5357798165137615,0.4091743119266055,-0.45321100917431195,0.43486238532110094,-0.3798165137614679,0.13577981651376148,-0.28990825688073396,0.3229357798165138,-0.3908256880733945,0.3761467889908257,-0.3321100917431193,0.3669724770642202,-0.27339449541284405
7,0.0,0.0,0.19708029197080293,-0.11678832116788321,0.2937956204379562,-0.22262773722627738,0.38503649635036497,-0.291970802919708,0.4251824817518248,-0.34124087591240876,0.11496350364963503,-0.4781021897810219,0.15693430656934307,-0.6697080291970803,0.177007299270073,-0.8102189781021898,0.177007299270073,-0.9306569343065694,0.07481751824817519,-0.4489051094890511,0.1386861313868613,-0.6952554744525548,0.17335766423357665,-0.8576642335766423,0.17883211678832117,-1.0,0.08029197080291971,-0.3777372262773723,0.28832116788321166,-0.5383211678832117,0.4032846715328467,-0.45255474452554745,0.4306569343065693,-0.38321167883211676,0.1332116788321168,-0.28832116788321166,0.3175182481751825,-0.39233576642335766,0.3740875912408759,-0.33211678832116787,0.36496350364963503,-0.2737226277372263
7,0.0,0.0,0.20257826887661143,-0.11602209944751381,0.3020257826887661,-0.22283609576427257,0.39226519337016574,-0.2946593001841621,0.43278084714548803,-0.3425414364640884,0.11786372007366483,-0.47882136279926335,0.16390423572744015,-0.6721915285451197,0.1841620626151013,-0.8139963167587477,0.1860036832412523,-0.9337016574585635,0.07918968692449356,-0.45119705340699817,0.14548802946593,-0.6961325966850829,0.17863720073664824,-0.860036832412523,0.18232044198895028,-1.0,0.0865561694290976,-0.3812154696132597,0.2946593001841621,-0.5359116022099447,0.4143646408839779,-0.4567219152854512,0.44567219152854515,-0.3885819521178637,0.13812154696132597,-0.289134438305709,0.32044198895027626,-0.39410681399631675,0.3848987108655617,-0.3351749539594843,0.3867403314917127,-0.27624309392265195
7,0.0,0.0,0.2007366482504604,-0.11602209944751381,0.2983425414364641,-0.21915285451197053,0.3885819521178637,-0.285451197053407,0.427255985267035,-0.3425414364640884,0.11602209944751381,-0.47882136279926335,0.16022099447513813,-0.6685082872928176,0.17863720073664824,-0.8121546961325967,0.18047882136279927,-0.9337016574585635,0.07550644567219153,-0.44935543278084716,0.141804788213628,-0.6942909760589319,0.17495395948434622,-0.858195211786372,0.18047882136279927,-1.0,0.08287292817679558,-0.37937384898710863,0.29097605893186,-0.5340699815837937,0.4088397790055249,-0.4530386740331492,0.43830570902394106,-0.3812154696132597,0.13443830570902393,-0.29097605893186,0.31675874769797424,-0.39226519337016574,0.3756906077348066,-0.3351749539594843,0.3720073664825046,-0.27624309392265195
7,0.0,0.0,0.20036764705882354,-0.1213235294117647,0.2959558823529412,-0.2261029411764706,0.38235294117647056,-0.2959558823529412,0.4209558823529412,-0.3474264705882353,0.11213235294117647,-0.48161764705882354,0.15441176470588236,-0.6709558823529411,0.17279411764705882,-0.8125,0.17279411764705882,-0.9319852941176471,0.07352941176470588,-0.4540441176470588,0.13786764705882354,-0.6948529411764706,0.17095588235294118,-0.8602941176470589,0.17647058823529413,-1.0,0.07904411764705882,-0.38235294117647056,0.2849264705882353,-0.5349264705882353,0.40441176470588236,-0.4540441176470588,0.43566176470588236,-0.38419117647058826,0.12867647058823528,-0.29044117647058826,0.3069852941176471,-0.3952205882352941,0.37316176470588236,-0.3382352941176471,0.37683823529411764,-0.27941176470588236
7,0.0,0.0,0.2,-0.11743119266055047,0.29357798165137616,-0.22018348623853212,0.3798165137614679,-0.28990825688073396,0.41651376146788993,-0.3431192660550459,0.11009174311926606,-0.48256880733944957,0.15412844036697249,-0.6770642201834862,0.1743119266055046,-0.8201834862385321,0.1779816513761468,-0.9412844036697248,0.06972477064220184,-0.45137614678899085,0.13944954128440368,-0.6954128440366972,0.1743119266055046,-0.8587155963302753,0.1798165137614679,-1.0,0.07889908256880734,-0.3798165137614679,0.28440366972477066,-0.5376146788990825,0.3981651376146789,-0.45321100917431195,0.42568807339449544,-0.381651376146789,0.13027522935779817,-0.29174311926605506,0.3119266055045872,-0.3926605504587156,0.3669724770642202,-0.3339449541284404,0.3614678899082569,-0.27706422018348625
7,0.0,0.0,0.2036697247706422,-0.12110091743119267,0.30091743119266057,-0.22201834862385322,0.3889908256880734,-0.29174311926605506,0.42935779816513764,-0.3431192660550459,0.12110091743119267,-0.47522935779816516,0.163302752293578,-0.6623853211009174,0.1834862385321101,-0.8036697247706422,0.1834862385321101,-0.9211009174311927,0.08440366972477065,-0.44954128440366975,0.14862385321100918,-0.6935779816513762,0.1853211009174312,-0.8605504587155963,0.1889908256880734,-1.0,0.08807339449541285,-0.3798165137614679,0.29541284403669726,-0.5357798165137615,0.41100917431192663,-0.45321100917431195,0.43853211009174314,-0.3853211009174312,0.13761467889908258,-0.28990825688073396,0.3192660550458716,-0.3944954128440367,0.3779816513761468,-0.3357798165137615,0.3706422018348624,-0.27706422018348625
7,0.0,0.0,0.20147874306839186,-0.11645101663585952,0.2975970425138632,-0.2199630314232902,0.38817005545286504,-0.28835489833641403,0.43807763401109057,-0.3438077634011091,0.11275415896487985,-0.4787430683918669,0.16081330868761554,-0.6746765249537893,0.18114602587800369,-0.8188539741219963,0.18114602587800369,-0.9408502772643254,0.07208872458410351,-0.45286506469500926,0.1423290203327172,-0.6968576709796673,0.17744916820702403,-0.8595194085027726,0.18299445471349354,-1.0,0.07948243992606285,-0.3826247689463956,0.2920517560073937,-0.5360443622920518,0.4066543438077634,-0.4510166358595194,0.43622920517560076,-0.3789279112754159,0.133086876155268,-0.2920517560073937,0.31608133086876156,-0.39186691312384475,0.3789279112754159,-0.3345656192236599,0.3789279112754159,-0.27726432532347506
7,0.0,0.0,0.19708029197080293,-0.12043795620437957,0.291970802919708,-0.2208029197080292,0.3813868613138686,-0.28832116788321166,0.42883211678832117,-0.3448905109489051,0.11131386861313869,-0.4744525547445255,0.15693430656934307,-0.666058394160584,0.177007299270073,-0.8083941605839416,0.18065693430656934,-0.9306569343065694,0.07481751824817519,-0.44343065693430656,0.14233576642335766,-0.6934306569343066,0.17883211678832117,-0.8576642335766423,0.18613138686131386,-1.0,0.08211678832116788,-0.3740875912408759,0.29014598540145986,-0.5364963503649635,0.4032846715328467,-0.4489051094890511,0.42883211678832117,-0.3777372262773723,0.1332116788321168,-0.28832116788321166,0.31386861313868614,-0.39233576642335766,0.3686131386861314,-0.33394160583941607,0.3594890510948905,-0.2773722627737226
7,0.0,0.0,0.20257826887661143,-0.11970534069981584,0.3020257826887661,-0.22467771639042358,0.3867403314917127,-0.292817679558011,0.427255985267035,-0.34806629834254144,0.1141804788213628,-0.4732965009208103,0.16022099447513813,-0.6685082872928176,0.18232044198895028,-0.8103130755064457,0.1860036832412523,-0.9300184162062615,0.07918968692449356,-0.45119705340699817,0.141804788213628,-0.6961325966850829,0.17495395948434622,-0.861878453038674,0.18047882136279927,-1.0,0.0865561694290976,-0.3848987108655617,0.292817679558011,-0.5340699815837937,0.4106813996316759,-0.4567219152854512,0.44567219152854515,-0.3885819521178637,0.13627992633517497,-0.2946593001841621,0.3149171270718232,-0.39594843462246776,0.3812154696132597,-0.3406998158379374,0.3867403314917127,-0.281767955801105
7,0.0,0.0,0.19669117647058823,-0.12316176470588236,0.2922794117647059,-0.2261029411764706,0.38235294117647056,-0.29411764705882354,0.42463235294117646,-0.35294117647058826,0.10845588235294118,-0.4742647058823529,0.15257352941176472,-0.6691176470588235,0.17279411764705882,-0.8106617647058824,0.17647058823529413,-0.9301470588235294,0.07169117647058823,-0.4485294117647059,0.13602941176470587,-0.6966911764705882,0.17279411764705882,-0.8621323529411765,0.18198529411764705,-1.0,0.07904411764705882,-0.3805147058823529,0.29044117647058826,-0.5386029411764706,0.40625,-0.4577205882352941,0.43566176470588236,-0.38786764705882354,0.1323529411764706,-0.2922794117647059,0.3161764705882353,-0.39705882352941174,0.375,-0.3382352941176471,0.3694852941176471,-0.28125
7,0.0,0.0,0.19889502762430938,-0.11602209944751381,0.2965009208103131,-0.21915285451197053,0.3848987108655617,-0.285451197053407,0.429097605893186,-0.3425414364640884,0.1141804788213628,-0.4696132596685083,0.16206261510128914,-0.6666666666666666,0.1841620626151013,-0.8103130755064457,0.1878453038674033,-0.9318600368324125,0.07734806629834254,-0.44567219152854515,0.14548802946593,-0.6942909760589319,0.18047882136279927,-0.860036832412523,0.1878453038674033,-1.0,0.0847145488029466,-0.3775322283609576,0.2946593001841621,-0.5340699815837937,0.4106813996316759,-0.45119705340699817,0.4419889502762431,-0.3812154696132597,0.13443830570902393,-0.289134438305709,0.31860036832412525,-0.39042357274401474,0.3775322283609576,-0.3333333333333333,0.3756906077348066,-0.27624309392265195
7,0.0,0.0,0.19889502762430938,-0.1141804788213628,0.2965009208103131,-0.21731123388581952,0.3830570902394107,-0.287292817679558,0.42357274401473294,-0.3370165745856354,0.11233885819521179,-0.4732965009208103,0.16022099447513813,-0.6666666666666666,0.18232044198895028,-0.8103130755064457,0.1860036832412523,-0.9318600368324125,0.07366482504604052,-0.44567219152854515,0.13996316758747698,-0.6906077348066298,0.17495395948434622,-0.856353591160221,0.18232044198895028,-1.0,0.08287292817679558,-0.3756906077348066,0.29097605893186,-0.5322283609576427,0.40699815837937386,-0.45119705340699817,0.43830570902394106,-0.3812154696132597,0.13443830570902393,-0.287292817679558,0.31675874769797424,-0.39042357274401474,0.3756906077348066,-0.3314917127071823,0.3738489871086556,-0.27255985267034993
7,0.0,0.0,0.1974169741697417,-0.11623616236162361,0.2896678966789668,-0.21955719557195572,0.3800738007380074,-0.2878228782287823,0.42988929889298894,-0.3413284132841328,0.11070110701107011,-0.477859778597786,0.15867158671586715,-0.6752767527675276,0.17712177121771217,-0.8191881918819188,0.18081180811808117,-0.940959409594096,0.06826568265682657,-0.4446494464944649,0.14022140221402213,-0.6955719557195572,0.17712177121771217,-0.8597785977859779,0.1863468634686347,-1.0,0.07564575645756458,-0.3726937269372694,0.2859778597785978,-0.5350553505535055,0.4040590405904059,-0.45387453874538747,0.4354243542435424,-0.38191881918819187,0.12915129151291513,-0.2859778597785978,0.3118081180811808,-0.3929889298892989,0.36900369003690037,-0.3339483394833948,0.36531365313653136,-0.2730627306273063
7,0.0,0.0,0.2011070110701107,-0.11992619926199262,0.29704797047970477,-0.21955719557195572,0.3856088560885609,-0.2878228782287823,0.4261992619926199,-0.33579335793357934,0.11623616236162361,-0.477859778597786,0.16051660516605165,-0.6678966789667896,0.18265682656826568,-0.8081180811808119,0.1863468634686347,-0.9280442804428044,0.07749077490774908,-0.4483394833948339,0.14391143911439114,-0.6955719557195572,0.18265682656826568,-0.8597785977859779,0.1900369003690037,-1.0,0.08302583025830258,-0.37453874538745385,0.2896678966789668,-0.5350553505535055,0.4059040590405904,-0.45018450184501846,0.4354243542435424,-0.38191881918819187,0.13468634686346864,-0.2859778597785978,0.3154981549815498,-0.3892988929889299,0.37453874538745385,-0.33210332103321033,0.37084870848708484,-0.2730627306273063
7,0.0,0.0,0.20036764705882354,-0.12316176470588236,0.2922794117647059,-0.21875,0.38419117647058826,-0.2867647058823529,0.43014705882352944,-0.3382352941176471,0.11948529411764706,-0.4834558823529412,0.15992647058823528,-0.6709558823529411,0.17830882352941177,-0.8125,0.18198529411764705,-0.9338235294117647,0.08088235294117647,-0.4485294117647059,0.14338235294117646,-0.6948529411764706,0.17647058823529413,-0.8584558823529411,0.18198529411764705,-1.0,0.08639705882352941,-0.37316176470588236,0.28860294117647056,-0.5349264705882353,0.40441176470588236,-0.45036764705882354,0.43014705882352944,-0.3805147058823529,0.13602941176470587,-0.2849264705882353,0.3125,-0.3897058823529412,0.37316176470588236,-0.33088235294117646,0.3694852941176471,-0.27205882352941174
7,0.0,0.0,0.2007366482504604,-0.12154696132596685,0.2983425414364641,-0.2283609576427256,0.3848987108655617,-0.2983425414364641,0.42357274401473294,-0.3462246777163904,0.11233885819521179,-0.47697974217311234,0.16022099447513813,-0.6629834254143646,0.18232044198895028,-0.8066298342541437,0.1841620626151013,-0.9244935543278084,0.07550644567219153,-0.4530386740331492,0.13812154696132597,-0.6942909760589319,0.1712707182320442,-0.860036832412523,0.17679558011049723,-1.0,0.08103130755064457,-0.3830570902394107,0.285451197053407,-0.5340699815837937,0.40515653775322286,-0.4567219152854512,0.43646408839779005,-0.39042357274401474,0.13075506445672191,-0.292817679558011,0.30939226519337015,-0.39594843462246776,0.3738489871086556,-0.3406998158379374,0.3775322283609576,-0.281767955801105
7,0.0,0.0,0.20036764705882354,-0.11764705882352941,0.2959558823529412,-0.21691176470588236,0.3860294117647059,-0.28308823529411764,0.4227941176470588,-0.3382352941176471,0.11764705882352941,-0.47794117647058826,0.16176470588235295,-0.6709558823529411,0.1801470588235294,-0.8125,0.18382352941176472,-0.9338235294117647,0.07720588235294118,-0.44669117647058826,0.14338235294117646,-0.6948529411764706,0.17830882352941177,-0.8566176470588235,0.1875,-1.0,0.08272058823529412,-0.375,0.29044117647058826,-0.5330882352941176,0.40441176470588236,-0.44669117647058826,0.4338235294117647,-0.37683823529411764,0.1323529411764706,-0.2867647058823529,0.31433823529411764,-0.38786764705882354,0.37316176470588236,-0.3290441176470588,0.3694852941176471,-0.2702205882352941
