Frame;Elapsed_Time_In_Milliseconds;Time;Hand_X;Hand_Y;Hand_Z;Thumb_CMC_X;Thumb_CMC_Y;Thumb_CMC_Z;Thumb_MCP_X;Thumb_MCP_Y;Thumb_MCP_Z;Thumb_DIP_X;Thumb_DIP_Y;Thumb_DIP_Z;Thumb_TIP_X;Thumb_TIP_Y;Thumb_TIP_Z;Index_CMC_X;Index_CMC_Y;Index_CMC_Z;Index_MCP_X;Index_MCP_Y;Index_MCP_Z;Index_PIP_X;Index_PIP_Y;Index_PIP_Z;Index_DIP_X;Index_DIP_Y;Index_DIP_Z;Index_TIP_X;Index_TIP_Y;Index_TIP_Z;Middle_CMC_X;Middle_CMC_Y;Middle_CMC_Z;Middle_MCP_X;Middle_MCP_Y;Middle_MCP_Z;Middle_PIP_X;Middle_PIP_Y;Middle_PIP_Z;Middle_DIP_X;Middle_DIP_Y;Middle_DIP_Z;Middle_TIP_X;Middle_TIP_Y;Middle_TIP_Z;Ring_CMC_X;Ring_CMC_Y;Ring_CMC_Z;Ring_MCP_X;Ring_MCP_Y;Ring_MCP_Z;Ring_PIP_X;Ring_PIP_Y;Ring_PIP_Z;Ring_DIP_X;Ring_DIP_Y;Ring_DIP_Z;Ring_TIP_X;Ring_TIP_Y;Ring_TIP_Z;Pinky_CMC_X;Pinky_CMC_Y;Pinky_CMC_Z;Pinky_MCP_X;Pinky_MCP_Y;Pinky_MCP_Z;Pinky_PIP_X;Pinky_PIP_Y;Pinky_PIP_Z;Pinky_DIP_X;Pinky_DIP_Y;Pinky_DIP_Z;Pinky_TIP_X;Pinky_TIP_Y;Pinky_TIP_Z;Hand_X;Hand_Y;Hand_Z;Thumb_CMC_X;Thumb_CMC_Y;Thumb_CMC_Z;Thumb_MCP_X;Thumb_MCP_Y;Thumb_MCP_Z;Thumb_DIP_X;Thumb_DIP_Y;Thumb_DIP_Z;Thumb_TIP_X;Thumb_TIP_Y;Thumb_TIP_Z;Index_CMC_X;Index_CMC_Y;Index_CMC_Z;Index_MCP_X;Index_MCP_Y;Index_MCP_Z;Index_PIP_X;Index_PIP_Y;Index_PIP_Z;Index_DIP_X;Index_DIP_Y;Index_DIP_Z;Index_TIP_X;Index_TIP_Y;Index_TIP_Z;Middle_CMC_X;Middle_CMC_Y;Middle_CMC_Z;Middle_MCP_X;Middle_MCP_Y;Middle_MCP_Z;Middle_PIP_X;Middle_PIP_Y;Middle_PIP_Z;Middle_DIP_X;Middle_DIP_Y;Middle_DIP_Z;Middle_TIP_X;Middle_TIP_Y;Middle_TIP_Z;Ring_CMC_X;Ring_CMC_Y;Ring_CMC_Z;Ring_MCP_X;Ring_MCP_Y;Ring_MCP_Z;Ring_PIP_X;Ring_PIP_Y;Ring_PIP_Z;Ring_DIP_X;Ring_DIP_Y;Ring_DIP_Z;Ring_TIP_X;Ring_TIP_Y;Ring_TIP_Z;Pinky_CMC_X;Pinky_CMC_Y;Pinky_CMC_Z;Pinky_MCP_X;Pinky_MCP_Y;Pinky_MCP_Z;Pinky_PIP_X;Pinky_PIP_Y;Pinky_PIP_Z;Pinky_DIP_X;Pinky_DIP_Y;Pinky_DIP_Z;Pinky_TIP_X;Pinky_TIP_Y;Pinky_TIP_Z;Hand_Velocity_X;Hand_Velocity_Y;Hand_Velocity_Z;Thumb_CMC_Velocity_X;Thumb_CMC_Velocity_Y;Thumb_CMC_Velocity_Z;Thumb_MCP_Velocity_X;Thumb_MCP_Velocity_Y;Thumb_MCP_Velocity_Z;Thumb_DIP_Velocity_X;Thumb_DIP_Velocity_Y;Thumb_DIP_Velocity_Z;Thumb_TIP_Velocity_X;Thumb_TIP_Velocity_Y;Thumb_TIP_Velocity_Z;Index_CMC_Velocity_X;Index_CMC_Velocity_Y;Index_CMC_Velocity_Z;Index_MCP_Velocity_X;Index_MCP_Velocity_Y;Index_MCP_Velocity_Z;Index_PIP_Velocity_X;Index_PIP_Velocity_Y;Index_PIP_Velocity_Z;Index_DIP_Velocity_X;Index_DIP_Velocity_Y;Index_DIP_Velocity_Z;Index_TIP_Velocity_X;Index_TIP_Velocity_Y;Index_TIP_Velocity_Z;Middle_CMC_Velocity_X;Middle_CMC_Velocity_Y;Middle_CMC_Velocity_Z;Middle_MCP_Velocity_X;Middle_MCP_Velocity_Y;Middle_MCP_Velocity_Z;Middle_PIP_Velocity_X;Middle_PIP_Velocity_Y;Middle_PIP_Velocity_Z;Middle_DIP_Velocity_X;Middle_DIP_Velocity_Y;Middle_DIP_Velocity_Z;Middle_TIP_Velocity_X;Middle_TIP_Velocity_Y;Middle_TIP_Velocity_Z;Ring_CMC_Velocity_X;Ring_CMC_Velocity_Y;Ring_CMC_Velocity_Z;Ring_MCP_Velocity_X;Ring_MCP_Velocity_Y;Ring_MCP_Velocity_Z;Ring_PIP_Velocity_X;Ring_PIP_Velocity_Y;Ring_PIP_Velocity_Z;Ring_DIP_Velocity_X;Ring_DIP_Velocity_Y;Ring_DIP_Velocity_Z;Ring_TIP_Velocity_X;Ring_TIP_Velocity_Y;Ring_TIP_Velocity_Z;Pinky_CMC_Velocity_X;Pinky_CMC_Velocity_Y;Pinky_CMC_Velocity_Z;Pinky_MCP_Velocity_X;Pinky_MCP_Velocity_Y;Pinky_MCP_Velocity_Z;Pinky_PIP_Velocity_X;Pinky_PIP_Velocity_Y;Pinky_PIP_Velocity_Z;Pinky_DIP_Velocity_X;Pinky_DIP_Velocity_Y;Pinky_DIP_Velocity_Z;Pinky_TIP_Velocity_X;Pinky_TIP_Velocity_Y;Pinky_TIP_Velocity_Z;Hand_Acceleration_X;Hand_Acceleration_Y;Hand_Acceleration_Z;Thumb_CMC_Acceleration_X;Thumb_CMC_Acceleration_Y;Thumb_CMC_Acceleration_Z;Thumb_MCP_Acceleration_X;Thumb_MCP_Acceleration_Y;Thumb_MCP_Acceleration_Z;Thumb_DIP_Acceleration_X;Thumb_DIP_Acceleration_Y;Thumb_DIP_Acceleration_Z;Thumb_TIP_Acceleration_X;Thumb_TIP_Acceleration_Y;Thumb_TIP_Acceleration_Z;Index_CMC_Acceleration_X;Index_CMC_Acceleration_Y;Index_CMC_Acceleration_Z;Index_MCP_Acceleration_X;Index_MCP_Acceleration_Y;Index_MCP_Acceleration_Z;Index_PIP_Acceleration_X;Index_PIP_Acceleration_Y;Index_PIP_Acceleration_Z;Index_DIP_Acceleration_X;Index_DIP_Acceleration_Y;Index_DIP_Acceleration_Z;Index_TIP_Acceleration_X;Index_TIP_Acceleration_Y;Index_TIP_Acceleration_Z;Middle_CMC_Acceleration_X;Middle_CMC_Acceleration_Y;Middle_CMC_Acceleration_Z;Middle_MCP_Acceleration_X;Middle_MCP_Acceleration_Y;Middle_MCP_Acceleration_Z;Middle_PIP_Acceleration_X;Middle_PIP_Acceleration_Y;Middle_PIP_Acceleration_Z;Middle_DIP_Acceleration_X;Middle_DIP_Acceleration_Y;Middle_DIP_Acceleration_Z;Middle_TIP_Acceleration_X;Middle_TIP_Acceleration_Y;Middle_TIP_Acceleration_Z;Ring_CMC_Acceleration_X;Ring_CMC_Acceleration_Y;Ring_CMC_Acceleration_Z;Ring_MCP_Acceleration_X;Ring_MCP_Acceleration_Y;Ring_MCP_Acceleration_Z;Ring_PIP_Acceleration_X;Ring_PIP_Acceleration_Y;Ring_PIP_Acceleration_Z;Ring_DIP_Acceleration_X;Ring_DIP_Acceleration_Y;Ring_DIP_Acceleration_Z;Ring_TIP_Acceleration_X;Ring_TIP_Acceleration_Y;Ring_TIP_Acceleration_Z;Pinky_CMC_Acceleration_X;Pinky_CMC_Acceleration_Y;Pinky_CMC_Acceleration_Z;Pinky_MCP_Acceleration_X;Pinky_MCP_Acceleration_Y;Pinky_MCP_Acceleration_Z;Pinky_PIP_Acceleration_X;Pinky_PIP_Acceleration_Y;Pinky_PIP_Acceleration_Z;Pinky_DIP_Acceleration_X;Pinky_DIP_Acceleration_Y;Pinky_DIP_Acceleration_Z;Pinky_TIP_Acceleration_X;Pinky_TIP_Acceleration_Y;Pinky_TIP_Acceleration_Z;Pinch_ThumbToIndex;Pinch_ThumbToMiddle;Pinch_ThumbToRing;Pinch_ThumbToPinky;Thumb_CMC_Spread;Thumb_CMC_Flex;Thumb_PIP_Flex;Thumb_DIP_Flex;Index_MCP_Spread;Index_MCP_Flex;Index_PIP_Flex;Index_DIP_Flex;Middle_MCP_Spread;Middle_MCP_Flex;Middle_PIP_Flex;Middle_DIP_Flex;Ring_MCP_Spread;Ring_MCP_Flex;Ring_PIP_Flex;Ring_DIP_Flex;Pinky_MCP_Spread;Pinky_MCP_Flex;Pinky_PIP_Flex;Pinky_DIP_Flex;Thumb_CMC_Spread_AngularVelocity;Thumb_CMC_Flex_AngularVelocity;Thumb_PIP_Flex_AngularVelocity;Thumb_DIP_Flex_AngularVelocity;Index_MCP_Spread_AngularVelocity;Index_MCP_Flex_AngularVelocity;Index_PIP_Flex_AngularVelocity;Index_DIP_Flex_AngularVelocity;Middle_MCP_Spread_AngularVelocity;Middle_MCP_Flex_AngularVelocity;Middle_PIP_Flex_AngularVelocity;Middle_DIP_Flex_AngularVelocity;Ring_MCP_Spread_AngularVelocity;Ring_MCP_Flex_AngularVelocity;Ring_PIP_Flex_AngularVelocity;Ring_DIP_Flex_AngularVelocity;Pinky_MCP_Spread_AngularVelocity;Pinky_MCP_Flex_AngularVelocity;Pinky_PIP_Flex_AngularVelocity;Pinky_DIP_Flex_AngularVelocity;Thumb_CMC_Spread_AngularAcceleration;Thumb_CMC_Flex_AngularAcceleration;Thumb_PIP_Flex_AngularAcceleration;Thumb_DIP_Flex_AngularAcceleration;Index_MCP_Spread_AngularAcceleration;Index_MCP_Flex_AngularAcceleration;Index_PIP_Flex_AngularAcceleration;Index_DIP_Flex_AngularAcceleration;Middle_MCP_Spread_AngularAcceleration;Middle_MCP_Flex_AngularAcceleration;Middle_PIP_Flex_AngularAcceleration;Middle_DIP_Flex_AngularAcceleration;Ring_MCP_Spread_AngularAcceleration;Ring_MCP_Flex_AngularAcceleration;Ring_PIP_Flex_AngularAcceleration;Ring_DIP_Flex_AngularAcceleration;Pinky_MCP_Spread_AngularAcceleration;Pinky_MCP_Flex_AngularAcceleration;Pinky_PIP_Flex_AngularAcceleration;Pinky_DIP_Flex_AngularAcceleration
0;0;00:00:00:000;0;0;0;-1,227754;-0,649763;4,855875;0,157973;-4,632424;7,058495;0,252616;-8,70622;7,318252;-1,489377;-8,563542;4,730503;-1,293393;-1,311689;3,916798;-4,51216;-6,787258;8,004004;-6,589724;-9,954621;11,39157;-7,544848;-11,70348;13,22149;-8,174697;-13,14403;14,69571;-1,403874;-2,149238;2,707311;-4,68101;-8,03683;6,116718;-0,517943;-11,47885;7,714736;1,863237;-13,22046;8,508079;3,921602;-14,53769;9,093863;-1,564468;-2,882976;1,598291;-4,601937;-8,637841;4,014692;-0,371985;-11,02028;5,137022;0,516851;-8,551587;4,167429;-1,942022;-7,919482;4,017062;-1,689603;-3,608812;0,527351;-4,251067;-8,813426;1,665773;-0,898074;-10,74309;2,544678;-0,239004;-8,94076;1,876276;-2,466987;-8,364455;1,738923;-16,8779;-55,48312;80,20928;56,24607;33,56469;-1,09324;85,62141;33,56472;-1,093245;-178,0784;33,98825;-1,247679;-178,0784;33,98827;-1,247681;-17,2579;-55,48314;80,20931;-15,95429;-46,10635;78,37684;-11,70802;-46,30993;77,35152;-6,947723;-46,44391;75,92871;-7,1902;-46,41534;76,26339;-20,35671;-61,21307;83,84463;52,96367;-61,90201;84,06461;54,39924;-63,50595;86,46824;56,5423;-64,98798;88,29865;56,79613;-64,80717;88,01833;-25,63292;-67,28726;89,65633;56,08142;-66,19349;92,21146;157,1738;-67,90918;94,62859;-99,33327;-68,61884;84,28418;-99,44672;-68,88579;84,40591;-40,78716;-75,2649;105,5328;54,72317;-67,44277;93,23647;155,9594;-68,89005;95,46935;-99,86691;-69,65415;84,7597;-100;-69,93398;84,90153;0;0;0;0;0;0;0;0;0;0;0;0;0;0;0;0;0;0;0;0;0;0;0;0;0;0;0;0;0;0;0;0;0;0;0;0;0;0;0;0;0;0;0;0;0;0;0;0;0;0;0;0;0;0;0;0;0;0;0;0;0;0;0;0;0;0;0;0;0;0;0;0;0;0;0;0;0;0;0;0;0;0;0;0;0;0;0;0;0;0;0;0;0;0;0;0;0;0;0;0;0;0;0;0;0;0;0;0;0;0;0;0;0;0;0;0;0;0;0;0;0;0;0;0;0;0;0;0;0;0;0;0;0;0;0;0;0;0;0;0;0;0;0;0;0;0;0;0;0;0;12,84444;9,165588;1,062402;3,153556;42,35245;0,511879;29,37533;96,38644;9,33016;-0,630561;3,505763;3,730246;-6,719598;73,25707;3,57188;3,793696;-12,07349;83,49255;103,3226;93,87175;-13,368;83,17043;103,312;94,14545;2541,147;30,71276;1762,52;5783,187;559,8096;-37,83363;210,3458;223,8148;-403,1759;4395,424;214,3128;227,6217;-724,4094;5009,553;6199,358;5632,305;-802,08;4990,225;6198,719;5648,727;152468,8;1842,766;105751,2;346991,2;33588,57;-2270,017;12620,75;13428,89;-24190,55;263725,4;12858,77;13657,3;-43464,56;300573,2;371961,5;337938,3;-48124,79;299413,5;371923,1;338923,6
1;16;00:00:00:016;0;0;0;-1,240333;-0,502482;4,870132;-0,000823;-4,457593;7,205528;-0,092345;-8,529867;7,489129;-1,790551;-8,32537;4,876541;-1,321617;-1,185457;3,947496;-4,664023;-6,483885;8,166804;-6,934991;-9,479065;11,58669;-7,996336;-11,14173;13,43832;-8,713212;-12,51851;14,93356;-1,451896;-2,049527;2,758814;-4,862444;-7,774955;6,310582;-0,779182;-11,27218;7,992444;1,56154;-13,04842;8,828269;3,589234;-14,39811;9,446241;-1,629838;-2,806236;1,668027;-4,798148;-8,428791;4,223875;-0,62377;-10,88001;5,404644;0,321333;-8,45689;4,375156;-2,122377;-7,772116;4,209058;-1,772132;-3,554934;0,615121;-4,452424;-8,669742;1,879994;-1,144436;-10,65416;2,80623;-0,444274;-8,884377;2,09409;-2,658436;-8,260377;1,942397;-17,29694;-54,10433;79,23029;54,28716;32,75759;-3,855008;85,26249;32,75763;-3,855019;-178,4364;33,18034;-4,011185;-178,4364;33,18036;-4,011193;-17,67692;-54,10433;79,23028;-17,92822;-44,98252;77,42331;-13,71768;-45,21064;76,42881;-9,000994;-45,37934;75,04102;-9,233389;-45,34253;75,36763;-20,67068;-59,82182;82,79655;52,64826;-60,52071;83,02122;54,19147;-62,11958;85,3332;56,42344;-63,59932;87,0859;56,66287;-63,41876;86,81839;-25,67256;-65,88756;88,37132;56,18997;-64,79442;90,79127;157,4378;-66,51311;93,06385;-99,71336;-67,22636;83,31501;-99,82341;-67,49302;83,43426;-39,46173;-73,91009;102,9335;54,89864;-66,04469;91,75385;156,2876;-67,49561;93,84313;-100,233;-68,26054;83,78;-100,3612;-68,54004;83,91788;0;0;0;284,86;41,98775;-74,04977;186,6918;91,62244;6,890282;53,46215;236,5811;175,3066;26,90057;351,424;278,6669;219,8162;78,70134;-17,70513;412,9422;410,241;190,2316;585,3815;611,5996;287,9012;668,2504;712,6253;338,3596;726,4249;787,5428;377,0862;137,9512;126,8504;54,86409;286,9288;483,1114;300,8761;24,87276;366,1852;302,2954;-123,3708;292,2991;296,5057;-250,151;222,6216;286,0283;67,24811;172,9741;121,4053;158,5864;521,2715;382,854;-95,09041;367,1769;349,3968;-108,5057;239,5272;245,8437;38,55475;351,3171;284,3686;-3,230095;216,517;185,6617;17,55519;531,7994;446,1881;-185,4391;411,2433;421,759;-193,8322;317,1101;344,8174;-60,51633;418,2856;379,6;0;0;0;17091,6;2519,265;-4442,986;11201,51;5497,346;413,4169;3207,729;14194,86;10518,4;1614,034;21085,44;16720,02;13188,97;4722,08;-1062,307;24776,53;24614,46;11413,9;35122,89;36695,98;17274,07;40095,02;42757,52;20301,57;43585,5;47252,57;22625,17;8277,07;7611,026;3291,845;17215,73;28986,69;18052,56;1492,366;21971,11;18137,72;-7402,248;17537,94;17790,34;-15009,06;13357,29;17161,7;4034,886;10378,45;7284,319;9515,183;31276,29;22971,24;-5705,424;22030,61;20963,81;-6510,338;14371,63;14750,62;2313,285;21079,03;17062,12;-193,8057;12991,02;11139,7;1053,311;31907,96;26771,29;-11126,34;24674,6;25305,54;-11629,93;19026,61;20689,04;-3630,98;25097,13;22776;12,90927;9,311414;0,928295;3,060498;41,61931;0,967014;30,97532;96,38644;9,078484;-2,153678;3,505763;3,730246;-6,730563;73,25751;3,57188;3,793696;-12,07349;83,49255;103,3226;93,87175;-13,368;83,17043;103,312;94,14545;-43,98834;27,30806;95,9999;-0,000458;-15,10059;-91,38705;0;0;-0,657892;0,026093;0;0;0;0;0;0;0;0;0;0;-155108,1;-204,2822;-99991,17;-346991,2;-34494,61;-3213,205;-12620,75;-13428,89;24151,08;-263723,9;-12858,77;-13657,3;43464,56;-300573,2;-371961,5;-337938,3;48124,79;-299413,5;-371923,1;-338923,6
2;32;00:00:00:032;0;0;0;-1,276114;-0,19996;4,882689;-0,275643;-4,085078;7,439694;-0,71777;-8,133917;7,728934;-2,345029;-7,794777;5,085387;-1,388438;-0,922898;3,994396;-4,997839;-5,83656;8,452618;-7,263944;-8,57721;12,08272;-8,323893;-10,10681;14,04645;-9,040674;-11,38011;15,63079;-1,557899;-1,837243;2,849053;-5,254593;-7,206525;6,66123;-1,168418;-10,66169;8,42113;1,173356;-12,4199;9,291421;3,20145;-13,759;9,930756;-1,769949;-2,637318;1,795961;-5,217068;-7,965034;4,609586;-1,17113;-10,55612;5,930485;-0,105549;-8,235953;4,787712;-2,512257;-7,441535;4,575866;-1,9461;-3,429273;0,780488;-4,877521;-8,338126;2,28217;-1,673349;-10,43375;3,321529;-0,885307;-8,737679;2,526648;-3,065767;-8,014401;2,333332;-18,59316;-51,37871;77,45206;50,81989;31,70596;-8,746325;85,22379;31,70597;-8,746325;-178,4719;32,12861;-8,90099;-178,4719;32,12864;-8,900997;-18,97316;-51,37872;77,45208;-17,08397;-41,64137;75,23624;-12,94842;-41,85957;74,29102;-8,339186;-42,01606;72,97592;-8,546181;-41,98195;73,28527;-21,84461;-57,05286;80,98692;54,12839;-57,78047;81,24008;55,95748;-59,41002;83,28165;58,44115;-60,91533;84,78955;58,64345;-60,73072;84,55786;-26,48313;-63,07286;86,29281;55,66219;-61,96808;88,45305;157,1313;-63,67984;90,53165;-101,1357;-64,45033;81,80299;-101,2462;-64,71578;81,92529;-38,37674;-71,09256;99,0882;54,45358;-63,2149;89,34589;156,0602;-64,66087;91,24088;-101,657;-65,47988;82,27967;-101,7843;-65,75799;82,41946;0;0;0;285,6147;33,15084;-74,90515;197,2268;82,95409;-0,259101;64,67155;237,849;164,2831;41,79909;351,3285;260,0003;221,5096;71,12742;-19,54698;422,054;392,0386;180,4636;609,8576;572,9899;275,7833;701,0528;663,4825;324,3947;765,9571;730,3237;361,1512;140,8325;120,8678;51,77391;297,8149;467,3989;289,2442;42,25874;349,5644;270,5414;-102,6068;275,9846;253,8935;-226,7485;207,2566;234,5697;71,1703;168,3697;117,2211;170,3591;508,7285;370,3031;-79,98334;358,7609;333,3394;-96,77452;233,8453;233,3801;49,37606;342,4752;272,8489;1,721643;213,2843;180,3955;29,6366;523,1783;433,3348;-170,6573;405,9079;406,0659;-181,516;313,7271;331,7486;-49,02944;412,0409;367,3915;0;0;0;45,28284;-530,2142;-51,32246;632,0986;-520,1007;-428,963;672,5639;76,07459;-661,4134;893,9109;-5,730628;-1119,999;101,6049;-454,4352;-110,511;546,7071;-1092,144;-586,0791;1468,569;-2316,582;-727,0789;1968,146;-2948,57;-837,8892;2371,931;-3433,147;-956,1008;172,878;-358,9575;-185,4111;653,1658;-942,7499;-697,9108;1043,158;-997,2466;-1905,242;1245,841;-978,8674;-2556,729;1404,146;-921,9001;-3087,514;235,3316;-276,2632;-251,0519;706,3608;-752,5806;-753,0584;906,4243;-504,9633;-963,4394;703,8681;-340,9095;-747,817;649,2782;-530,5166;-691,1844;297,1042;-193,9602;-315,9713;724,8843;-517,2643;-771,1973;886,9035;-320,1284;-941,5912;738,9714;-202,981;-784,1306;689,2137;-374,6824;-732,5091;12,99584;9,476971;0,64215;2,853332;41,12237;1,265819;34,40388;96,38644;9,739202;-0,236563;3,505819;3,730194;-6,763323;75,91576;3,57177;3,793696;-12,07349;83,49255;103,3226;93,87175;-13,368;83,17043;103,312;94,14545;-29,81643;17,92829;205,7134;0;39,64313;115,0269;0,003347;-0,003147;-1,965608;159,4949;-0,006566;0;0;0;0;0;0;0;0;0;850,3141;-562,7866;6582,808;0,027466;3284,623;12384,84;0,200844;-0,188828;-78,46297;9568,129;-0,393963;0;0;0;0;0;0;0;0;0
3;48;00:00:00:048;0;0;0;-1,300147;-0,065568;4,880002;-0,421894;-3,916849;7,531354;-1,041768;-7,944046;7,795292;-2,61951;-7,523473;5,133493;-1,426906;-0,804003;4,006523;-5,175334;-5,531781;8,550199;-7,654266;-8,083932;12,17863;-8,83162;-9,518658;14,14707;-9,645021;-10,72133;15,73992;-1,614527;-1,737727;2,879796;-5,458996;-6,932293;6,786708;-1,381097;-10,37925;8,581561;0,956259;-12,13544;9,467669;2,980798;-13,475;10,11722;-1,842244;-2,554245;1,842718;-5,432203;-7,734447;4,751565;-1,457365;-10,39684;6,144571;-0,32977;-8,128364;4,958348;-2,715077;-7,279077;4,719094;-2,034021;-3,362749;0,843243;-5,092783;-8,164681;2,434011;-1,94598;-10,31689;3,53139;-1,112769;-8,657982;2,704778;-3,273746;-7,885026;2,486557;-19,39459;-50,26255;76,64822;49,42145;31,04671;-10,98513;85,67297;31,04675;-10,98513;-178,0186;31,47039;-11,13482;-178,0186;31,47041;-11,13482;-19,77458;-50,26255;76,64824;-19,53257;-40,74581;74,35876;-15,4249;-40,99412;73,43947;-10,84812;-41,19301;72,15168;-11,04766;-41,14887;72,4548;-22,63442;-55,90745;80,2203;54,5997;-56,63099;80,48259;56,52792;-58,27014;82,43222;59,09658;-59,78336;83,85867;59,28619;-59,59748;83,63904;-27,19447;-61,89212;85,4986;55,06727;-60,77605;87,55015;156,5967;-62,47836;89,58331;-102,0847;-63,29811;81,22987;-102,1984;-63,56266;81,35708;-38,56779;-69,86861;97,84317;53,87414;-62,01859;88,43532;155,5406;-63,4565;90,28302;-102,619;-64,32413;81,72581;-102,7495;-64,60126;81,87048;0;0;0;287,7616;14,99958;-75,65857;214,1152;61,33576;-13,64614;97,03713;220,1766;148,7948;73,58084;326,7949;241,6732;225,5189;55,3739;-22,36102;442,083;353,1991;163,3148;628,2587;527,7545;246,0802;718,7059;614,9853;288,2822;783,1174;679,3602;320,1863;147,1927;108,1308;46,35955;321,3438;433,2932;268,2054;66,46732;311,1841;237,6111;-77,99174;235,8201;214,9345;-201,7674;166,0967;191,0401;79,577;158,2346;109,5451;195,4943;480,9031;347,1603;-47,14173;339,3275;301,789;-71,16164;220,5891;208,6268;72,76885;322,6403;250,8404;12,15968;205,7447;170,4735;55,14239;503,2814;409,2043;-138,9225;392,6833;375,1479;-155,054;304,9252;305,7951;-24,58956;397,2823;343,9354;0;0;0;128,8118;-1089,076;-45,20488;1013,306;-1297,1;-803,2223;1941,935;-1060,342;-929,2945;1906,905;-1472,015;-1099,627;240,5562;-945,2111;-168,8424;1201,738;-2330,369;-1028,927;1104,063;-2714,124;-1782,184;1059,185;-2909,832;-2166,753;1029,616;-3057,81;-2457,895;381,614;-764,2235;-324,8611;1411,736;-2046,346;-1262,33;1452,515;-2302,822;-1975,814;1476,903;-2409,87;-2337,54;1498,87;-2469,59;-2611,774;504,4016;-608,1053;-460,5617;1508,112;-1669,524;-1388,563;1970,496;-1166,001;-1893,029;1536,773;-795,3729;-1485,198;1403,568;-1190,09;-1320,508;626,2823;-452,3778;-595,3209;1530,348;-1193,813;-1447,835;1904,089;-793,4775;-1855,074;1587,721;-528,1133;-1557,209;1466,392;-885,5109;-1407,366;13,11794;9,571919;0,490499;2,750458;40,92387;1,383017;36,2515;96,38643;9,534031;-1,927728;3,505819;3,730194;-6,761119;77,17394;3,571825;3,793696;-12,07349;83,49255;103,3226;93,87175;-13,368;83,17043;103,312;94,14545;-11,91032;7,031879;110,8573;-0,000458;-12,31029;-101,4699;0;0;0,132237;75,49117;0,00329;0;0;0;0;0;0;0;0;0;1074,367;-653,7844;-5691,364;-0,027466;-3117,205;-12989,81;-0,200844;0,188828;125,8707;-5040,225;0,591373;0;0;0;0;0;0;0;0;0
4;64;00:00:00:064;0;0;0;-1,325;0,056403;4,873427;-0,504052;-3,779619;7,564958;-1,272179;-7,784593;7,770856;-2,83829;-7,266404;5,119421;-1,466417;-0,694313;4,012761;-5,356743;-5,24141;8,621107;-7,733743;-7,722476;12,3652;-8,855934;-9,118946;14,3925;-9,624812;-10,29091;16,02973;-1,672456;-1,643273;2,902096;-5,667675;-6,666054;6,881709;-1,581555;-10,09678;8,688929;0,759695;-11,84587;9,578778;2,786929;-13,18112;10,2288;-1,916007;-2,472431;1,878735;-5,651604;-7,505504;4,861548;-1,753104;-10,24277;6,323451;-0,562004;-8,025786;5,102464;-2,923573;-7,120344;4,835271;-2,123606;-3,293812;0,893015;-5,312112;-7,986335;2,553972;-2,226858;-10,19791;3,706697;-1,347407;-8,576123;2,854703;-3,486778;-7,752322;2,611106;-20,21464;-49,32331;75,80822;48,51603;31,3419;-12,6192;86,61518;31,34193;-12,61919;-177,0731;31,76762;-12,76115;-177,0731;31,76765;-12,76115;-20,59463;-49,32332;75,80821;-17,84781;-39,28324;73,18242;-13,765;-39,51115;72,27383;-9,227508;-39,68217;71,00744;-9,417678;-39,64454;71,30539;-23,46147;-54,93683;79,43497;55,33115;-55,66737;79,71509;57,35207;-57,32059;81,57481;60,00203;-58,84472;82,91995;60,17985;-58,65709;82,71193;-27,98378;-60,88239;84,72523;54,37684;-59,75373;86,68338;155,9453;-61,4446;88,69191;-103,0706;-62,31861;80,64053;-103,1884;-62,58213;80,77341;-39,00978;-68,80181;96,79041;53,18958;-60,99109;87,57066;154,8954;-62,4191;89,3913;-103,6209;-63,34067;81,1588;-103,7556;-63,61664;81,30928;0;0;0;289,2036;6,936065;-75,49734;221,4166;48,56755;-21,59308;108,7695;210,0505;139,0481;87,41398;315,1477;230,5078;227,827;48,2402;-23,08859;452,7326;334,9123;157,46;654,9826;485,966;239,9185;754,169;561,0204;281,2273;825,6678;616,0198;311,8037;150,5904;102,1598;44,51499;333,608;416,8392;260,6766;80,27505;292,2886;218,9881;-63,34182;216,0542;190,4277;-186,4234;146,015;161,8299;83,91469;153,2503;106,7397;208,4024;467,0679;338,6417;-29,9676;329,7705;288,9438;-57,70841;214,1337;198,3886;84,93806;312,8928;242,2467;17,43497;201,7533;166,7082;68,05814;492,8747;400,0938;-122,5647;385,6717;362,5562;-141,4063;300,1434;295,1073;-12,11084;389,5198;334,7419;0;0;0;86,51876;-483,8108;9,673475;438,0798;-766,0927;-476,8162;703,9407;-607,5654;-584,8016;829,9885;-698,8334;-669,9242;138,4821;-428,0222;-43,65429;638,978;-1097,207;-351,2921;1603,437;-2507,309;-369,7014;2127,785;-3237,888;-423,2955;2553,028;-3800,425;-502,9521;203,8586;-358,2573;-110,6738;735,8508;-987,2359;-451,7241;828,4639;-1133,73;-1117,38;878,9952;-1185,953;-1470,406;920,637;-1204,905;-1752,614;260,2619;-299,0598;-168,3261;774,486;-830,1115;-511,1203;1030,448;-573,4191;-770,7095;807,1935;-387,3224;-614,2916;730,1523;-584,8531;-515,6221;316,5174;-239,4876;-225,9171;774,9452;-624,4011;-546,6241;981,4695;-420,6906;-755,5017;818,8605;-286,9062;-641,2682;748,7231;-465,7516;-551,6109;13,19998;9,629782;0,330677;2,635962;41,65231;0,946912;38,09913;96,38642;10,09804;0,396142;3,505819;3,730246;-6,770888;78,73513;3,57177;3,793644;-12,07349;83,49255;103,3226;93,87175;-13,368;83,17043;103,312;94,14545;43,70658;-26,16626;110,8575;-0,000458;33,84069;139,4322;0;0,003147;-0,586109;93,67126;-0,00329;-0,003104;0;0;0;0;0;0;0;0;3337,014;-1991,888;0,013733;0;2769,059;14454,12;0;0,188828;-43,10073;1090,805;-0,394821;-0,186253;0;0;0;0;0;0;0;0
5;80;00:00:00:080;0;0;0;-1,39839;0,373079;4,838844;-0,983511;-3,360476;7,758056;-2,160676;-7,263049;7,995631;-3,54467;-6,648411;5,264677;-1,580026;-0,403674;4,009397;-5,869162;-4,443544;8,734896;-8,697671;-6,468477;12,43939;-10,07099;-7,634223;14,4579;-11,04822;-8,633405;16,09859;-1,83645;-1,384601;2,937677;-6,254529;-5,919326;7,054018;-2,254996;-9,40343;8,950602;0,041613;-11,18895;9,883405;2,034307;-12,56057;10,56379;-2,122963;-2,239489;1,947141;-6,266285;-6,848458;5,073472;-2,603604;-9,791713;6,731823;-1,233173;-7,724426;5,438453;-3,517318;-6,66342;5,084658;-2,373684;-3,087527;0,994576;-5,924484;-7,456731;2,796515;-3,029102;-9,831346;4,106708;-2,019176;-8,317791;3,201876;-4,088123;-7,353145;2,87967;-22,75143;-47,12964;73,52254;45,72431;28,48347;-18,59751;86,20441;28,48351;-18,59752;-177,4774;28,90833;-18,73885;-177,4774;28,90836;-18,73886;-23,13142;-47,12964;73,52254;-23,10537;-37,57495;70,57754;-19,07472;-37,86657;69,72023;-14,59782;-38,12768;68,50751;-14,77409;-38,06874;68,7932;-26,07418;-52,63768;77,36548;55,6332;-53,38465;77,70274;57,79559;-55,0445;79,43993;60,56013;-56,57476;80,68173;60,72035;-56,38612;80,48956;-30,60101;-58,4489;82,80668;51,99702;-57,27906;84,53536;153,6209;-58,92805;86,53123;-106,1439;-59,97965;79,15506;-106,2753;-60,23948;79,30663;-41,07759;-66,14833;94,52296;50,8007;-58,49712;85,45663;152,565;-59,88836;87,25504;-106,7482;-60,98742;79,74688;-106,8973;-61,2593;79,91711;0;0;0;290,6948;-0,382241;-75,10285;228,4635;44,20194;-20,09323;118,6061;212,6416;142,3027;100,5178;311,0901;225,4422;230,1976;41,65879;-23,46291;463,6172;317,4901;153,2054;657,124;479,5055;228,8999;751,6844;560,3649;267,2613;819,5375;619,9435;296,0536;154,0661;96,49255;43,17701;346,1287;400,8649;254,9766;94,2869;272,3503;195,4966;-48,47104;194,6521;157,384;-170,8051;124,0131;121,0463;88,34044;148,3414;104,5787;221,5664;453,3313;332,0426;-12,22327;320,5269;278,2111;-43,77432;207,9791;189,7416;97,44776;303,3688;235,2761;22,81006;197,6171;163,7218;81,21786;482,1739;392,8961;-105,712;378,5326;352,0378;-127,328;295,2319;286,1118;0,671133;381,5575;327,2689;0;0;0;89,47276;-439,0984;23,66924;422,8134;-261,9365;89,99079;590,1982;155,4651;195,2727;786,2269;-243,4516;-303,935;142,2415;-394,8841;-22,45948;653,0771;-1045,332;-255,2712;128,4828;-387,6314;-661,1137;-149,0707;-39,33334;-837,9593;-367,8245;235,425;-945,0115;208,5457;-340,0347;-80,27851;751,2402;-958,4598;-342,0009;840,7108;-1196,298;-1409,489;892,2468;-1284,131;-1982,627;937,0994;-1320,11;-2447,019;265,5447;-294,533;-129,6608;789,8411;-824,1978;-395,9412;1064,66;-554,6193;-643,9661;836,0455;-369,2779;-518,8185;750,5826;-571,4363;-418,2372;322,5054;-248,1723;-179,1823;789,5833;-642,0479;-431,8628;1011,161;-428,3466;-631,1058;844,6977;-294,6911;-539,7291;766,9185;-477,7364;-448,3766;13,32731;9,703568;0,182702;2,545633;40,60198;1,570517;40,48009;96,38643;9,682452;-2,507256;3,505819;3,730246;-6,797427;81,67052;3,57188;3,793696;-12,07349;83,49255;103,3226;93,87175;-13,368;83,17043;103,312;94,14545;-63,01986;37,41628;142,8577;0,000458;-24,93542;-174,2039;0;0;-1,592359;176,1236;0,006566;0,003104;0;0;0;0;0;0;0;0;-6403,586;3814,952;1920,012;0,054932;-3526,566;-18818,16;0;-0,188828;-60,37502;4947,143;0,591373;0,372505;0;0;0;0;0;0;0;0
6;96;00:00:00:096;0;0;0;-1,419244;0,480109;4,823312;-1,119123;-3,214442;7,805522;-2,454264;-7,069273;7,978496;-3,763588;-6,37115;5,230836;-1,614176;-0,3047;4,004535;-6,027818;-4,168859;8,762226;-8,771084;-6,147547;12,55476;-10,09819;-7,28861;14,61781;-11,03804;-8,268154;16,29184;-1,887231;-1,295528;2,946114;-6,437778;-5,660595;7,101367;-2,420281;-9,12603;8,994184;-0,114878;-10,90251;9,922544;1,88419;-12,26767;10,59719;-2,187866;-2,158413;1,966759;-6,459337;-6,619352;5,135076;-2,878297;-9,62307;6,861909;-1,450919;-7,608925;5,546472;-3,706861;-6,499504;5,161597;-2,452794;-3,014718;1,025503;-6,117945;-7,270307;2,86989;-3,288241;-9,692709;4,234943;-2,236885;-8,217575;3,313993;-4,28019;-7,209103;2,963582;-23,63382;-46,40195;72,80168;44,90994;27,73495;-20,38127;87,25671;27,73498;-20,38126;-176,4189;28,162;-20,51274;-176,4189;28,16203;-20,51274;-24,01381;-46,40194;72,80168;-21,71167;-36,55405;69,56776;-17,69511;-36,82915;68,71351;-13,24149;-37,06736;67,51021;-13,41218;-37,0138;67,79356;-26,97883;-51,87075;76,71707;56,35926;-52,66006;77,10033;58,58809;-54,33321;78,77085;61,41096;-55,87333;79,95212;61,56285;-55,68314;79,76842;-31,50448;-57,6327;82,20947;51,16668;-56,4491;83,86692;152,8079;-58,08279;85,86069;-107,1876;-59,19492;78,69137;-107,3229;-59,45332;78,84868;-41,81456;-65,25229;93,8309;49,9678;-57,65993;84,79984;151,7503;-59,03778;86,59302;-107,8073;-60,19718;79,30577;-107,9604;-60,46751;79,48199;0;0;0;295,0982;-19,38279;-73,02787;257,4297;19,42486;-31,34948;166,8767;187,1433;126,5192;142,1014;280,8129;210,1393;237,0142;24,22044;-23,26103;494,3624;269,6181;146,3781;717,0952;393,0404;224,3611;827,8005;454,0826;262,8413;908,9584;498,5563;290,7956;163,9057;80,97221;41,04212;381,3399;356,0612;244,6381;135,7904;229,4559;170,1254;-3,67957;153,5718;124,1589;-123,4293;85,09969;81,64903;100,7578;134,3649;100,4743;258,4473;413,9085;319,3272;38,80672;293,4631;253,7087;-3,504189;189,8975;169,5823;133,0725;275,9534;220,3129;37,81474;185,2399;157,6282;117,9602;450,3977;378,3435;-57,57737;356,5388;328,0372;-87,02185;279,732;265,2814;36,7518;357,6069;311,1551;0;0;0;264,2026;-1140,033;124,4988;1737,971;-1486,625;-675,3748;2896,238;-1529,899;-947,005;2495,021;-1816,635;-918,1694;408,9933;-1046,302;12,11285;1844,707;-2872,32;-409,6377;3598,269;-5187,904;-272,3279;4566,959;-6376,942;-265,2011;5365,259;-7283,231;-315,4764;590,3771;-931,2207;-128,0935;2112,674;-2688,22;-620,3112;2490,211;-2573,663;-1522,277;2687,488;-2464,813;-1993,506;2842,548;-2334,807;-2363,833;745,0425;-838,5894;-246,2604;2212,854;-2365,365;-762,9275;3061,8;-1623,825;-1470,141;2416,208;-1084,898;-1209,558;2137,483;-1644,927;-897,7919;900,2808;-742,6285;-365,618;2204,538;-1906,574;-873,1556;2888,079;-1319,631;-1440,036;2418,368;-929,9969;-1249,822;2164,84;-1437,036;-966,8297;13,37393;9,770576;0,156482;2,471737;40,50219;1,628031;42,34675;96,38643;10,02456;-0,367441;3,505763;3,730194;-6,847106;83,32488;3,57177;3,793696;-12,07349;83,49255;103,3226;93,87175;-13,368;83,17043;103,312;94,14545;-5,987091;3,450866;111,9994;0;20,52652;128,3889;-0,003347;-0,003147;-2,980699;99,26147;-0,006566;0;0;0;0;0;0;0;0;0;3421,966;-2037,925;-1851,499;-0,027466;2727,716;18155,56;-0,200844;-0,188828;-83,30038;-4611,73;-0,787926;-0,186253;0;0;0;0;0;0;0;0
7;112;00:00:00:112;0;0;0;-1,456376;0,698378;4,785429;-1,377242;-2,906207;7,889308;-2,946091;-6,671919;8,063557;-4,143601;-5,925285;5,277907;-1,677656;-0,101988;3,988706;-6,328913;-3,603064;8,800759;-9,18894;-5,358307;12,61697;-10,58247;-6,38473;14,69637;-11,57864;-7,276987;16,38655;-1,983627;-1,111981;2,957759;-6,787574;-5,125838;7,18132;-2,946354;-8,703015;9,226097;-0,731128;-10,5488;10,23528;1,198815;-11,97835;10,97474;-2,31212;-1,990442;2,001471;-6,829268;-6,144308;5,245612;-3,416182;-9,25595;7,115542;-1,878746;-7,35338;5,758677;-4,074764;-6,152465;5,307533;-2,605123;-2,862797;1,083564;-6,490117;-6,881892;3,006795;-3,79544;-9,389482;4,486439;-2,664028;-7,994999;3,535207;-4,652864;-6,90372;3,124662;-25,47567;-44,92937;71,42727;43,34585;26,21481;-23,8224;87,27355;26,21484;-23,82241;-176,3981;26,64191;-23,95195;-176,3981;26,64194;-23,95196;-25,85567;-44,92937;71,42727;-23,06357;-35,2935;67,92651;-19,07472;-35,58485;67,09402;-14,65739;-35,84645;65,91716;-14,81961;-35,78733;66,19435;-28,86019;-50,31218;75,48924;54,68856;-51,09809;75,90403;56,93045;-52,74165;77,59335;59,74889;-54,26156;78,80408;59,89958;-54,07445;78,61823;-33,37742;-55,96725;81,0849;49,43376;-54,75588;82,60501;151,1095;-56,35653;84,59676;-109,3289;-57,59297;77,82336;-109,4712;-57,84819;77,99164;-43,36555;-63,41542;92,53706;48,23089;-55,95077;83,56151;150,0493;-57,29978;85,34636;-109,9762;-58,58286;78,48065;-110,1366;-58,84968;78,6683;0;0;0;296,3494;-25,80459;-72,09596;265,7932;11,08889;-33,82104;180,4274;180,6125;125,5746;154,8097;269,9377;206,5583;239,0632;18,28198;-22,96932;503,8817;253,137;144,7383;720,8129;371,7693;217,5652;828,3671;430,2592;253,3766;906,9723;472,7065;279,2787;166,9526;75,62784;40,53593;392,3349;340,5374;241,7971;145,8615;212,6563;166,18;5,948869;136,1909;119,755;-114,1122;67,339;76,99245;104,652;129,5003;99,29723;270,0304;400,1622;315,631;55,2883;283,3446;245,9036;9,560549;182,9674;163,1012;144,4451;266,1184;215,6965;42,56133;180,8714;155,7725;129,5679;439,2122;373,9411;-42,02903;348,2206;320,3431;-73,95933;273,719;258,5544;48,27583;348,9644;306,1204;0;0;0;75,07467;-385,3081;55,9144;501,8119;-500,1582;-148,294;813,0398;-391,8492;-56,68044;762,4969;-652,512;-214,8628;122,9396;-356,3073;17,50275;571,1603;-988,8653;-98,39129;223,0654;-1276,266;-407,7544;34,00039;-1429,398;-567,8773;-119,1673;-1550,992;-691,0128;182,8115;-320,662;-30,37136;659,6989;-931,4317;-170,4597;604,2645;-1007,977;-236,721;577,7063;-1042,859;-264,2326;559,0267;-1065,642;-279,395;233,6511;-291,8751;-70,62506;694,9882;-824,7814;-221,7722;988,8947;-607,1119;-468,3079;783,8842;-415,8039;-388,8702;682,3568;-590,1002;-276,9828;284,7955;-262,1097;-111,3389;696,4609;-671,1301;-264,1468;932,9001;-499,0911;-461,6489;783,7515;-360,7778;-403,6217;691,4412;-518,5518;-302,0811;13,43536;9,881042;0,239222;2,419328;40,388;1,693522;43,9277;96,38644;9,883459;0;3,505763;3,730246;-6,852345;83,55197;3,571825;3,793696;-12,07349;83,49255;103,3226;93,87175;-13,368;83,17043;103,312;94,14545;-6,851806;3,929429;94,85686;0,000458;-8,46611;22,04648;0;0,003147;-0,314398;13,62533;0,00329;0;0;0;0;0;0;0;0;0;-51,88293;28,7138;-1028,554;0,027466;-1739,558;-6380,542;0,200844;0,377655;159,9781;-5138,167;0,591373;0;0;0;0;0;0;0;0;0
8;128;00:00:00:128;0;0;0;-1,47276;0,801881;4,764143;-1,504031;-2,756801;7,921383;-3,187515;-6,473068;8,087143;-4,325613;-5,700911;5,283603;-1,707431;-0,004479;3,977356;-6,474098;-3,324436;8,804814;-9,392873;-4,982365;12,62006;-10,81988;-5,959092;14,70069;-11,84447;-6,813714;16,39334;-2,030113;-1,021771;2,958757;-6,9575;-4,859222;7,204019;-3,216773;-8,496319;9,327877;-1,053151;-10,37921;10,37958;0,837054;-11,84317;11,15355;-2,372705;-1,905969;2,012759;-7,009867;-5,904346;5,282833;-3,684855;-9,068487;7,222066;-2,093189;-7,222686;5,849411;-4,256835;-5,976795;5,365046;-2,679941;-2,784348;1,105308;-6,672711;-6,682097;3,057347;-4,048804;-9,231068;4,592434;-2,877947;-7,877673;3,629658;-4,837365;-6,745692;3,188974;-26,39646;-44,28201;70,71471;42,69545;25,45121;-25,47869;87,42315;25,45123;-25,4787;-176,246;25,87861;-25,60614;-176,246;25,87863;-25,60615;-26,77645;-44,28199;70,71472;-23,74087;-34,89687;67,14991;-19,76147;-35,19629;66,32574;-15,35606;-35,46941;65,15842;-15,5155;-35,40755;65,4334;-29,80477;-49,61959;74,85332;53,73634;-50,40105;75,28229;55,97765;-52,02707;76,98893;58,78797;-53,53471;78,22132;58,93892;-53,34947;78,03342;-34,32734;-55,21842;80,50947;48,54595;-53,99337;81,96751;150,2335;-55,57648;83,9636;-110,3965;-56,87533;77,36194;-110,5423;-57,12883;77,53569;-44,19741;-62,57505;91,91908;47,33916;-55,17968;82,93784;149,1703;-56,51334;84,72366;-111,0574;-57,85853;78,0406;-111,2213;-58,12346;78,2339;0;0;0;298,5774;-38,90074;-69,82301;281,3625;-7,250435;-38,71187;207,8805;159,2793;119,3445;177,4475;246,0333;200,8275;242,872;6,119292;-22,01957;521,9474;219,1893;142,4263;744,7475;323,1833;214,026;855,6747;374,1406;248,9201;937,1665;410,8324;273,8702;172,7364;64,61502;39,83722;413,3226;308,4519;237;177,4259;187,2754;152,2652;42,92391;114,9685;100,9907;-72,98969;49,97974;54,33909;112,1072;119,4221;97,21449;292,2263;371,6595;308,9988;87,56138;261,3174;230,6856;35,23019;167,6348;150,3689;166,5193;245,2961;206,9404;51,70108;171,7561;152,2889;151,8982;415,9073;365,7268;-11,59707;330,027;305,2533;-48,3307;260,3645;245,2816;70,63624;330,6414;296,4556;0;0;0;133,6756;-785,769;136,3771;934,1568;-1100,359;-293,4497;1647,185;-1279,987;-373,8033;1358,269;-1434,261;-343,8449;228,5271;-729,7613;56,98487;1083,941;-2036,862;-138,7181;1436,076;-2915,159;-212,3508;1638,456;-3367,121;-267,3955;1811,651;-3712,443;-324,5086;347,0277;-660,7693;-41,92292;1259,266;-1925,126;-287,8289;1893,863;-1522,85;-834,8858;2218,503;-1273,341;-1125,855;2467,35;-1041,555;-1359,201;447,3138;-604,6957;-124,9641;1331,75;-1710,159;-397,9297;1936,385;-1321,632;-913,0797;1540,178;-919,9597;-763,936;1324,45;-1249,336;-525,3682;548,3844;-546,9174;-209,0178;1339,82;-1398,291;-492,8584;1825,918;-1091,616;-905,3836;1537,718;-801,2724;-796,37;1341,625;-1099,378;-579,8892;13,46097;9,941669;0,295762;2,396024;40,34656;1,717172;44,72771;96,38643;9,660172;0,251788;3,505875;3,730194;-6,852345;83,55197;3,571825;3,793696;-12,07349;83,49255;103,3226;93,87175;-13,368;83,17043;103,312;94,14545;-2,486343;1,419024;48,00087;-0,000458;-13,3972;15,1073;0,006709;-0,003147;0;0;0;0;0;0;0;0;0;0;0;0;261,9278;-150,6243;-2811,36;-0,054932;-295,8652;-416,3508;0,402546;-0,377655;18,86387;-817,52;-0,197411;0;0;0;0;0;0;0;0;0
9;144;00:00:00:144;0;0;0;-1,519541;1,061097;4,698316;-1,827992;-2,384924;7,963765;-3,764275;-5,974322;8,161901;-4,781395;-5,187593;5,316226;-1,788539;0,24392;3,933997;-6,859693;-2,595456;8,757784;-9,915155;-4,010569;12,56379;-11,42073;-4,863291;14,64358;-12,51256;-5,623992;16,33899;-2,153914;-0,786253;2,943141;-7,40615;-4,152152;7,198979;-3,952013;-7,941283;9,532154;-1,936255;-9,918926;10,6976;-0,160558;-11,47126;11,56492;-2,53218;-1,679859;2,019847;-7,484384;-5,259042;5,3136;-4,410805;-8,556688;7,436515;-2,67537;-6,864848;6,039909;-4,744013;-5,502499;5,4629;-2,875618;-2,568536;1,135702;-7,150385;-6,134636;3,124276;-4,728325;-8,788655;4,806073;-3,452992;-7,54685;3,825787;-5,326095;-6,309484;3,301081;-29,006;-42,86422;68,8641;41,45403;23,67932;-29,56523;86,96267;23,67934;-29,56523;-176,7037;24,10579;-29,69461;-176,7037;24,10581;-29,69461;-29,386;-42,86423;68,86411;-25,33343;-34,04013;65,07272;-21,37463;-34,3583;64,26736;-16,9952;-34,65833;63,12159;-17,14861;-34,59012;63,39159;-32,50964;-48,0653;73,24055;51,00766;-48,83281;73,71152;53,23241;-50,40594;75,47964;56,0099;-51,87592;76,78213;56,16328;-51,69631;76,58691;-37,09887;-53,49314;79,11255;45,9253;-52,22975;80,41431;147,6222;-53,75866;82,44469;-113,4472;-55,23709;76,24355;-113,6035;-55,4852;76,43351;-46,80456;-60,56388;90,56261;44,69729;-53,38897;81,43362;146,5417;-54,67513;83,2432;-114,1499;-56,19927;76,9859;-114,325;-56,45828;77,19624;0;0;0;299,5604;-45,11091;-68,54584;288,4729;-17,14725;-41,46105;219,6285;148,3781;115,5342;187,9082;234,6651;197,0492;244,6585;0,268713;-21,3386;530,6585;202,4717;142,183;754,6302;295,6268;214,1684;866,2853;340,9474;249,0036;948,4431;373,2808;273,6831;175,5255;59,20246;39,77734;423,5182;292,455;235,638;193,651;174,8736;146,1585;62,2453;104,7927;92,33272;-51,28401;41,86892;43,61066;115,7423;114,3537;96,53723;303,0622;357,2619;306,7656;103,6818;250,0696;224,2941;48,09672;159,7931;144,9248;177,4435;234,7558;203,4896;56,19015;167,0492;150,9842;162,8538;403,9196;362,6937;3,604754;320,5221;298,8936;-35,49558;253,3249;239,6145;81,7063;321,1597;292,5969;0;0;0;58,98427;-372,6105;76,63071;426,6286;-593,8088;-164,9505;704,8816;-654,0742;-228,6207;627,6368;-682,0936;-226,6989;107,1897;-351,0347;40,85809;522,666;-1003,059;-14,5998;592,9612;-1653,389;8,540153;636,6348;-1991,589;5,011081;676,5918;-2253,098;-11,22808;167,3484;-324,7536;-3,592908;611,7324;-959,8173;-81,7151;973,5067;-744,1091;-366,4055;1159,283;-610,5458;-519,482;1302,34;-486,6492;-643,706;218,1051;-304,1017;-40,63546;650,1545;-863,8587;-133,9946;967,2231;-674,868;-383,4858;771,9921;-470,4995;-326,6451;655,4553;-632,4162;-207,0479;269,3445;-282,4173;-78,28044;657,3372;-719,2611;-181,9854;912,1092;-570,2934;-381,5846;770,1071;-422,3728;-340,024;664,2036;-568,9015;-231,5225;13,47081;9,994142;0,349394;2,369842;40,59664;1,573601;45,50865;96,38644;9,1893;1,203335;3,505819;3,730246;-6,852345;83,55197;3,571825;3,793696;-12,07349;83,49255;103,3226;93,87175;-13,368;83,17043;103,312;94,14545;15,00481;-8,614254;46,85623;0,000458;-28,25237;57,09279;-0,003362;0,003147;0;0;0;0;0;0;0;0;0;0;0;0;1049,469;-601,9966;-68,67828;0,054932;-891,3104;2519,13;-0,604248;0,377655;0;0;0;0;0;0;0;0;0;0;0;0
10;160;00:00:00:160;0;0;0;-1,519541;1,061097;4,698316;-1,827992;-2,384924;7,963765;-3,764275;-5,974322;8,161901;-4,781395;-5,187593;5,316226;-1,788539;0,24392;3,933997;-6,859693;-2,595456;8,757784;-9,915155;-4,010569;12,56379;-11,42073;-4,863291;14,64358;-12,51256;-5,623992;16,33899;-2,153914;-0,786253;2,943141;-7,40615;-4,152152;7,198979;-3,952013;-7,941283;9,532154;-1,936255;-9,918926;10,6976;-0,160558;-11,47126;11,56492;-2,53218;-1,679859;2,019847;-7,484384;-5,259042;5,3136;-4,410805;-8,556688;7,436515;-2,67537;-6,864848;6,039909;-4,744013;-5,502499;5,4629;-2,875618;-2,568536;1,135702;-7,150385;-6,134636;3,124276;-4,728325;-8,788655;4,806073;-3,452992;-7,54685;3,825787;-5,326095;-6,309484;3,301081;-29,006;-42,86422;68,8641;41,45403;23,67932;-29,56523;86,96267;23,67934;-29,56523;-176,7037;24,10579;-29,69461;-176,7037;24,10581;-29,69461;-29,386;-42,86423;68,86411;-25,33343;-34,04013;65,07272;-21,37463;-34,3583;64,26736;-16,9952;-34,65833;63,12159;-17,14861;-34,59012;63,39159;-32,50964;-48,0653;73,24055;51,00766;-48,83281;73,71152;53,23241;-50,40594;75,47964;56,0099;-51,87592;76,78213;56,16328;-51,69631;76,58691;-37,09887;-53,49314;79,11255;45,9253;-52,22975;80,41431;147,6222;-53,75866;82,44469;-113,4472;-55,23709;76,24355;-113,6035;-55,4852;76,43351;-46,80456;-60,56388;90,56261;44,69729;-53,38897;81,43362;146,5417;-54,67513;83,2432;-114,1499;-56,19927;76,9859;-114,325;-56,45828;77,19624;0;0;0;302,3672;-60,66387;-64,59617;307,9106;-39,45985;-44,00396;254,2341;118,4534;111,0487;215,2551;203,866;195,0918;249,5249;-14,63522;-18,73706;553,7942;158,7328;145,0048;785,9671;237,3191;217,5445;902,3364;275,1993;252,4305;988,5283;301,8975;276,944;182,9536;45,07137;40,71432;450,4372;250,0308;235,9404;237,7654;141,5715;133,9018;115,2315;77,17591;73,25179;8,572696;19,55424;18,92821;125,3108;100,7871;96,11195;331,5332;318,5436;304,9195;147,2388;219,3616;211,4272;83,02758;138,3228;133,4949;206,6742;206,2981;197,6183;67,93082;154,1005;149,1606;191,5142;371,072;358,6779;44,37603;293,9774;286,0753;-0,992864;233,4755;227,8467;111,0301;294,9873;285,8705;0;0;0;168,4084;-933,1775;236,9799;1166,259;-1338,756;-152,5748;2076,337;-1795,484;-269,1271;1640,814;-1847,945;-117,4443;291,9888;-894,236;156,0925;1388,142;-2624,33;169,3096;1880,215;-3498,466;202,5661;2163,065;-3944,883;205,6174;2405,119;-4282,996;195,651;445,6837;-847,8652;56,2191;1615,142;-2545,451;18,14174;2646,865;-1998,128;-735,4001;3179,172;-1657,01;-1144,855;3591,402;-1338,881;-1480,947;574,1107;-813,9954;-25,51711;1708,261;-2323,096;-110,7631;2613,421;-1842,476;-772,0155;2095,852;-1288,217;-685,7922;1753,841;-1707,464;-352,2727;704,44;-776,9208;-109,4177;1719,626;-1970,858;-240,9453;2446,276;-1592,683;-769,0973;2070,163;-1190,965;-706,0646;1759,427;-1570,348;-403,5845;13,47081;9,994142;0,349394;2,369842;40,59664;1,573601;45,50865;96,38644;9,1893;1,203335;3,505819;3,730246;-6,852345;83,55197;3,571825;3,793696;-12,07349;83,49255;103,3226;93,87175;-13,368;83,17043;103,312;94,14545;0;0;0;0;0;0;0;0;0;0;0;0;0;0;0;0;0;0;0;0;-900,2883;516,8552;-2811,374;-0,027466;1695,142;-3425,567;0,201702;-0,188828;0;0;0;0;0;0;0;0;0;0;0;0
11;176;00:00:00:176;0;0;0;-1,55725;1,316669;4,620655;-2,08337;-2,017459;7,973288;-4,210635;-5,492145;8,244463;-5,154582;-4,730641;5,366893;-1,856179;0,488626;3,879503;-7,18519;-1,880511;8,679129;-10,39477;-3,028288;12,44811;-11,98892;-3,743138;14,5138;-13,15655;-4,398229;16,2028;-2,258646;-0,554759;2,917255;-7,786379;-3,459743;7,163742;-4,606926;-7,350553;9,710301;-2,733804;-9,395244;10,9922;-1,069407;-11,0129;11,95556;-2,667592;-1,458685;2,017383;-7,88732;-4,628666;5,317284;-5,054921;-8,015243;7,627419;-3,195352;-6,476667;6,213433;-5,169336;-5,021345;5,539901;-3,04234;-2,358233;1,157276;-7,556946;-5,601293;3,168748;-5,328317;-8,324943;5,000024;-3,962842;-7,194077;4,006979;-5,749966;-5,872617;3,39474;-31,66671;-41,43528;67,37758;40,37419;22,32788;-33,04215;85,88283;22,3279;-33,04214;-177,7835;22,75206;-33,1789;-177,7835;22,75208;-33,17891;-32,04671;-41,43528;67,37759;-27,62194;-33,16721;63,40322;-23,68636;-33,51185;62,62185;-19,33544;-33,84998;61,50277;-19,48224;-33,77274;61,76659;-35,24345;-46,48632;71,97689;48,25408;-47,238;72,48699;50,47113;-48,75421;74,3099;53,22506;-50,18294;75,67529;53,37973;-50,00944;75,47372;-39,86664;-51,72981;78,0397;43,29665;-50,43082;79,19468;145,0116;-51,90231;81,253;-116,4755;-53,556;75,43382;-116,6399;-53,79802;75,63802;-49,36275;-58,50195;89,49566;42,0549;-51,56052;80,25731;143,9201;-52,7965;82,08502;-117,2104;-54,4946;76,23158;-117,3939;-54,74701;76,45663;0;0;0;302,3672;-60,66387;-64,59617;306,4548;-42,13771;-46,42099;252,3183;114,9293;107,868;214,3733;202,2159;193,6282;249,5249;-14,63522;-18,73706;553,7942;158,7328;145,0048;783,5832;235,5637;217,8798;898,6742;272,5125;252,8888;983,8445;298,4742;277,453;182,9536;45,07137;40,71432;450,4372;250,0308;235,9404;237,7654;141,5715;133,9018;115,2315;77,17591;73,25179;8,572696;19,55424;18,92821;125,3108;100,7871;96,11195;331,5332;318,5436;304,9195;147,2388;219,3616;211,4272;83,02758;138,3228;133,4949;206,6742;206,2981;197,6183;67,93082;154,1005;149,1606;191,5142;371,072;358,6779;44,37603;293,9774;286,0753;-0,992864;233,4755;227,8467;111,0301;294,9873;285,8705;0;0;0;0;0;0;-87,3456;-160,6718;-145,0217;-114,9487;-211,441;-190,8445;-52,90747;-99,00569;-87,81837;0;0;0;0;0;0;-143,0368;-105,32;20,12157;-219,7323;-161,2101;27,49872;-281,0325;-205,3957;30,53999;0;0;0;0;0;0;0;0;0;0;0;0;0;0;0;0;0;0;0;0;0;0;0;0;0;0;0;0;0;0;0;0;0;0;0;0;0;0;0;0;0;0;0;0;0;13,47437;9,978276;0,338612;2,355414;41,32141;1,147047;45,50865;96,38643;8,728952;1,535569;3,505819;3,730299;-6,852345;83,55197;3,571825;3,793696;-12,07349;83,49255;103,3226;93,87175;-13,368;83,17043;103,312;94,14545;43,48663;-25,59327;0;-0,000458;-27,62083;19,93402;0;0,003161;0;0;0;0;0;0;0;0;0;0;0;0;2609,198;-1535,596;0;-0,027466;-1657,25;1196,041;0;0,189686;0;0;0;0;0;0;0;0;0;0;0;0
12;192;00:00:00:192;0;0;0;-1,560683;1,409629;4,591984;-2,146837;-1,877233;7,981131;-4,336467;-5,311563;8,269441;-5,253894;-4,556087;5,381723;-1,869551;0,576193;3,861021;-7,26561;-1,632109;8,662431;-10,48572;-2,677448;12,45218;-12,08694;-3,338593;14,53025;-13,26141;-3,951781;16,2302;-2,284376;-0,473955;2,911462;-7,885169;-3,222564;7,166305;-4,787439;-7,129898;9,787203;-2,956977;-9,187537;11,10938;-1,326072;-10,81929;12,10569;-2,703642;-1,383668;2,022233;-7,995644;-4,416131;5,336229;-5,234919;-7,816849;7,711443;-3,341228;-6,330808;6,286597;-5,286103;-4,851885;5,580571;-3,088866;-2,289013;1,172905;-7,669788;-5,425173;3,203856;-5,498645;-8,159738;5,087185;-4,108353;-7,066796;4,086143;-5,869042;-5,724006;3,444431;-32,49863;-40,80465;66,94435;39,86129;21,86362;-34,14806;85,63662;21,86366;-34,14806;-178,0293;22,28725;-34,28633;-178,0293;22,28727;-34,28633;-32,87863;-40,80465;66,94437;-27,97437;-32,38984;62,74096;-24,05272;-32,73857;61,96897;-19,72117;-33,08279;60,8624;-19,86344;-33,0041;61,12331;-36,07171;-45,80721;71,59385;47,4233;-46,55376;72,11322;49,64928;-48,05221;73,94415;52,40559;-49,46811;75,32114;52,5593;-49,29646;75,11866;-40,66536;-50,99378;77,68325;42,54264;-49,68509;78,79245;144,2772;-51,13967;80,84763;-117,3621;-52,84298;75,16348;-117,5274;-53,08311;75,3705;-50,01191;-57,68174;89,0664;41,30489;-50,80592;79,86137;143,1892;-52,02729;81,68391;-118,0998;-53,77423;75,97204;-118,2838;-54,02457;76,19981;0;0;0;304,6298;-75,99821;-59,93653;321,3021;-65,04301;-47,78194;277,7802;85,66215;101,4376;236,4457;175,2005;189,1234;253,5834;-29,31754;-15,46743;573,324;115,8362;149,7242;813,5336;174,6187;224,5765;934,5532;202,23;260,2366;1024,75;221,0134;284,9765;189,2375;31,18172;42,26744;473,2509;208,4862;238,0546;277,0602;106,1277;123,213;163,0845;45,75491;55,57546;63,10363;-7,947474;-4,510045;133,4355;87,51665;96,25977;355,7094;280,721;304,6985;185,8857;186,875;199,973;114,2265;115,032;123,0835;232,1936;177,4289;192,9983;77,93408;141,4823;147,8662;215,9079;339,0714;356,0096;80,37552;266,1546;274,4382;29,59811;212,3091;216,9752;136,4623;268,7752;280,2509;0;0;0;135,7555;-920,0599;279,5784;890,8381;-1374,318;-81,65717;1527,71;-1756,031;-385,8225;1324,343;-1620,924;-270,2851;243,5045;-880,9392;196,1781;1171,789;-2573,801;283,1604;1797,026;-3656,699;401,8006;2152,742;-4216,949;440,8636;2454,345;-4647,648;451,4093;377,0356;-833,3791;93,18745;1368,822;-2492,673;126,852;2357,686;-2126,629;-641,3297;2871,177;-1885,26;-1060,58;3271,856;-1650,103;-1406,295;487,4832;-796,228;8,869528;1450,569;-2269,355;-13,26084;2318,815;-1949,201;-687,2542;1871,937;-1397,449;-624,685;1531,162;-1732,154;-277,2038;600,1957;-757,091;-77,66389;1463,619;-1920,038;-160,0985;2159,969;-1669,367;-698,2255;1835,458;-1269,981;-652,2903;1525,936;-1572,721;-337,1758;13,49722;9,993356;0,357875;2,344258;41,55561;1,005754;45,77533;96,38644;8,943822;1,918875;3,505819;3,730246;-6,852345;83,55197;3,571825;3,793696;-12,07349;83,49255;103,3226;93,87175;-13,368;83,17043;103,312;94,14545;14,05197;-8,477554;16,0009;0,000458;12,89217;22,99837;0;-0,003161;0;0;0;0;0;0;0;0;0;0;0;0;-1766,079;1026,943;960,054;0,054932;2430,78;183,8613;0;-0,379372;0;0;0;0;0;0;0;0;0;0;0;0
13;208;00:00:00:208;0;0;0;-1,553438;1,696604;4,496383;-2,309454;-1,426744;8,004445;-4,651428;-4,74481;8,426145;-5,526509;-4,070931;5,505278;-1,892877;0,846078;3,799457;-7,458693;-0,870033;8,608224;-10,75398;-1,637799;12,39975;-12,40018;-2,153308;14,48389;-13,61456;-2,652766;16,193;-2,345787;-0,225683;2,892398;-8,135127;-2,496349;7,176676;-5,271857;-6,423828;10,02429;-3,564312;-8,504501;11,46917;-2,030384;-10,1657;12,56579;-2,797027;-1,154299;2,039087;-8,278801;-3,767094;5,401697;-5,723547;-7,184113;7,975173;-3,738735;-5,860298;6,51483;-5,597867;-4,322721;5,710027;-3,214616;-2,078362;1,225984;-7,973333;-4,889121;3,323452;-5,966972;-7,635652;5,365439;-4,510318;-6,659717;4,338194;-6,193155;-5,263956;3,606882;-34,92307;-38,72734;65,67593;38,16948;20,29431;-37,41597;83,67815;20,29435;-37,41597;-179,9891;20,71331;-37,56815;-179,9891;20,71333;-37,56815;-35,30306;-38,72734;65,67593;-29,76772;-30,73656;61,33186;-25,87867;-31,10567;60,58667;-21,59072;-31,47967;59,51309;-21,72277;-31,3939;59,76627;-38,44464;-43,58391;70,44364;45,04896;-44,31494;70,98566;47,31681;-45,76112;72,82825;50,09411;-47,13908;74,22791;50,2431;-46,97288;74,02444;-42,8974;-48,60364;76,5689;40,43552;-47,2691;77,55086;142,2434;-48,67538;79,58428;-119,8449;-50,51512;74,29221;-120,0094;-50,74963;74,50503;-51,72206;-55,05669;87,6711;39,2205;-48,36417;78,62917;141,1747;-49,54411;80,4255;-120,5793;-51,42458;75,12271;-120,7618;-51,66888;75,35571;0;0;0;304,8358;-81,57578;-58,21625;323,8912;-75,61759;-50,27729;284,4202;71,19168;97,71202;241,6967;162,4651;187,9937;254,3857;-34,57159;-14,35851;578,1492;100,9321;150,726;817,3972;150,0163;224,4406;937,9756;172,5223;259,3014;1027,882;187,3044;283,2431;190,7813;26,33347;42,61506;479,1783;194,2555;237,9008;287,891;92,88835;118,5989;176,4748;33,29256;48,54503;78,50355;-19,56421;-13,51753;135,5985;83,01562;95,96877;362,2088;267,9689;303,5618;196,6856;174,9713;194,9315;122,9791;106,2804;118,6936;239,1996;167,2613;190,5581;80,72565;137,3291;146,9285;222,6785;328,5042;353,9031;90,59523;256,2423;269,2086;38,32879;204,6723;212,2254;143,6069;259,8586;277,2695;0;0;0;12,35962;-334,6542;103,2168;155,3421;-634,4751;-149,7211;398,4003;-868,2281;-223,5349;315,0616;-764,1241;-67,78621;48,13957;-315,2427;66,53487;289,5097;-894,2463;60,1108;231,8172;-1476,146;-8,153914;205,3413;-1782,463;-56,11181;187,9291;-2022,542;-103,9996;92,62775;-290,895;20,85686;355,6423;-853,8415;-9,226798;649,8484;-794,358;-276,844;803,4224;-747,7408;-421,8258;923,9948;-697,0042;-540,449;129,7796;-270,062;-17,46046;389,966;-765,1248;-68,20392;647,9944;-714,2186;-302,4888;525,155;-525,0935;-263,3922;420,3615;-610,0566;-146,4107;167,4946;-249,1915;-56,26416;406,2338;-634,0298;-126,3928;613,1826;-594,7394;-313,7784;523,8408;-458,2128;-284,9908;428,6742;-535,0012;-178,884;13,47795;9,960923;0,332283;2,339151;42,15077;0,638747;45,50865;96,38644;8,6281;2,593067;3,505819;3,730194;-6,852345;83,55197;3,571825;3,793696;-12,07349;83,49255;103,3226;93,87175;-13,368;83,17043;103,312;94,14545;35,70946;-22,02043;-16,0009;0;-18,94329;40,45151;0;-0,003147;0;0;0;0;0;0;0;0;0;0;0;0;1299,449;-812,5727;-1920,108;-0,027466;-1910,127;1047,188;0;0,000858;0;0;0;0;0;0;0;0;0;0;0;0
14;224;00:00:00:224;0;0;0;-1,538792;1,777683;4,470018;-2,333366;-1,295879;8,013355;-4,691845;-4,586701;8,542785;-5,594591;-3,979649;5,615691;-1,8884;0,922534;3,783858;-7,485978;-0,653477;8,603701;-10,78987;-1,347583;12,40194;-12,44178;-1,824326;14,49078;-13,66166;-2,293406;16,20457;-2,354068;-0,155098;2,890316;-8,181669;-2,289589;7,192692;-5,377189;-6,216786;10,0986;-3,700687;-8,300741;11,57477;-2,191454;-9,967632;12,69673;-2,816229;-1,088912;2,048601;-8,339188;-3,582006;5,434616;-5,83527;-6,998356;8,058938;-3,829976;-5,721212;6,585079;-5,666606;-4,169609;5,7559;-3,244757;-2,018088;1,247099;-8,045025;-4,735874;3,372235;-6,079872;-7,481582;5,454996;-4,608212;-6,539301;4,417768;-6,27062;-5,130883;3,664339;-35,46188;-38,07485;65,23576;37,6122;19,91301;-38,34368;82,07326;19,91305;-38,3437;178,4028;20,32784;-38,50795;178,4028;20,32786;-38,50795;-35,84187;-38,07485;65,23577;-30,11226;-30,22727;60,90541;-26,23218;-30,60026;60,16675;-21,9566;-30,98001;59,10157;-22,08575;-30,89287;59,35277;-38,94773;-42,89854;70,01344;44,54878;-43,62614;70,55806;46,8358;-45,06112;72,39597;49,62607;-46,43105;73,79417;49,77283;-46,26598;73,59137;-43,33493;-47,88313;76,12042;40,02687;-46,54377;77,07441;141,8625;-47,94064;79,09386;-120,3435;-49,80661;73,90025;-120,5063;-50,03993;74,11303;-51,97797;-54,29371;87,10503;38,82371;-47,63372;78,14918;140,8037;-48,80573;79,9314;-121,0713;-50,71151;74,73055;-121,2517;-50,95458;74,96327;0;0;0;304,4011;-98,7943;-52,48023;333,3285;-103,2049;-52,20723;305,6348;33,31017;89,25354;258,008;129,2894;184,0676;255,7852;-50,76468;-10,66466;589,7342;55,20748;153,9785;832,8552;86,35803;227,6226;955,7875;99,44794;262,0976;1047,809;106,8711;285,4377;194,466;11,43713;43,75888;494,1758;150,6826;237,2786;316,9561;50,52416;104,374;212,9149;-7,689579;26,95727;120,7622;-58,77926;-41,12381;141,2017;69,25353;94,95756;379,1982;229,0267;299,6337;226,0033;137,0071;179,1077;146,8295;78,0498;104,9997;257,9054;135,5114;182,7907;88,27069;124,69;143,7438;240,8911;296,3411;346,7274;118,6948;224,7972;252,5133;62,4467;180,2475;197,1023;163,0537;232,2556;267,5224;0;0;0;-26,08252;-1033,112;344,161;566,2407;-1655,239;-115,7963;1272,875;-2272,89;-507,5089;978,6786;-1990,541;-235,5623;83,97388;-971,5854;221,6309;695,0998;-2743,474;195,1468;927,4806;-3819,497;190,9203;1068,718;-4384,461;167,7718;1195,604;-4825,995;131,6757;221,0805;-893,7803;68,62896;899,8518;-2614,375;-37,33635;1743,902;-2541,851;-853,4975;2186,404;-2458,928;-1295,265;2535,521;-2352,903;-1656,376;336,188;-825,7248;-60,67228;1019,364;-2336,534;-235,6853;1759,059;-2277,85;-949,4268;1431,024;-1693,837;-821,6378;1122,349;-1904,991;-466,0449;452,7018;-758,3456;-191,0834;1092,759;-1929,787;-430,5439;1685,975;-1886,706;-1001,714;1447,074;-1465,483;-907,3827;1166,807;-1656,18;-584,8259;13,4181;9,878178;0,246839;2,364346;42,3056;0,541479;44,46103;96,38644;8,502675;2,83559;3,505819;3,730194;-6,852345;83,55197;3,571825;3,793696;-12,07349;83,49255;103,3226;93,87175;-13,368;83,17043;103,312;94,14545;9,289397;-5,836114;-62,8569;0;-7,52552;14,55138;0;0;0;0;0;0;0;0;0;0;0;0;0;0;-1585,203;971,0591;-2811,36;0;685,0661;-1554,008;0;0,188828;0;0;0;0;0;0;0;0;0;0;0;0
15;240;00:00:00:240;0;0;0;-1,519558;1,847682;4,448159;-2,34306;-1,181351;8,023095;-4,723817;-4,443739;8,62397;-5,642103;-3,878649;5,693312;-1,878867;0,988695;3,771875;-7,496161;-0,465467;8,607059;-10,80342;-1,096059;12,41343;-12,45805;-1,539353;14,50749;-13,68085;-1,982206;16,22616;-2,356748;-0,09382;2,89077;-8,210374;-2,10976;7,214942;-5,452909;-6,035099;10,16797;-3,801345;-8,121033;11,66925;-2,312048;-9,792156;12,81137;-2,829465;-1,031971;2,059808;-8,382322;-3,420738;5,472027;-5,919343;-6,835091;8,137367;-3,898769;-5,598738;6,64966;-5,716888;-4,035646;5,801482;-3,26851;-1,965405;1,269018;-8,100895;-4,60201;3,42343;-6,168632;-7,345872;5,539135;-4,685715;-6,433009;4,491682;-6,331322;-5,014226;3,72101;-35,84799;-37,47748;64,8044;37,08422;19,61862;-39,1604;81,01194;19,61866;-39,1604;177,3396;20,03053;-39,3325;177,3396;20,03056;-39,33251;-36,22798;-37,47748;64,80441;-30,35968;-29,76505;60,51252;-26,48741;-30,14083;59,77919;-22,22271;-30,52474;58,72105;-22,3493;-30,4366;58,97061;-39,29325;-42,27784;69,57936;44,20726;-43,00303;70,12445;46,5142;-44,43036;71,95444;49,31884;-45,79493;73,34769;49,46328;-45,63061;73,14594;-43,61217;-47,23893;75,65714;39,77186;-45,89656;76,59064;141,6346;-47,28765;78,59429;-120,6693;-49,17007;73,48007;-120,8301;-49,4026;73,69215;-52,08269;-53,62573;86,52184;38,5814;-46,98333;77,65937;140,5863;-48,15057;79,42625;-121,3888;-50,07196;74,30727;-121,5668;-50,31422;74,53896;0;0;0;303,5223;-103,659;-50,89833;334,507;-111,5014;-53,16755;309,1317;21,63604;82,49943;262,0402;121,6207;179,1007;255,5166;-55,35206;-9,728706;591,3713;42,21415;154,2498;834,355;67,9052;227,5357;957,2781;78,11823;261,7189;1049,347;83,28403;284,7421;194,9628;7,202023;43,88378;496,9683;138,277;236,3176;323,276;38,10162;99,91496;221,0974;-19,91522;20,62118;130,4264;-70,66351;-48,98;142,3538;65,33031;94,38669;382,8214;217,9214;297,6586;232,7067;125,8617;174,0818;152,304;69,70464;100,7847;262,0298;126,3247;180,0384;90,07912;121,0736;142,4768;245,1926;287,1462;343,8004;125,4688;215,5529;247,1399;68,32026;173,0226;192,3279;167,7016;224,2712;264,075;0;0;0;-52,72722;-291,8815;94,91407;70,71161;-497,7908;-57,61921;209,8174;-700,4481;-405,2467;241,9295;-460,1233;-298,0163;-16,11757;-275,2429;56,15741;98,22749;-779,5999;16,28136;89,99061;-1107,17;-5,214214;89,43557;-1279,783;-22,71795;92,25082;-1415,226;-41,73517;29,81042;-254,1063;7,494091;167,5472;-744,3337;-57,65676;379,1957;-745,3522;-267,5396;490,9515;-733,5385;-380,1656;579,8521;-713,0545;-471,3714;69,12731;-235,3935;-34,25252;217,3934;-666,315;-118,5079;402,204;-668,7255;-301,5554;328,4676;-500,7094;-252,8972;247,4627;-551,2025;-165,1404;108,5061;-216,9857;-76,01665;258,09;-551,691;-175,6153;406,4391;-554,6536;-322,4044;352,414;-433,4958;-286,4663;278,876;-479,0611;-206,8448;13,38503;9,834916;0,204797;2,377926;42,42933;0,463133;43,9277;96,38644;8,375292;3,032413;3,505763;3,730246;-6,852345;83,55197;3,571825;3,793696;-12,07349;83,49255;103,3226;93,87175;-13,368;83,17043;103,312;94,14545;7,424011;-4,700717;-31,99997;0;-7,642993;11,80941;-0,003347;0,003147;0;0;0;0;0;0;0;0;0;0;0;0;-111,9232;68,12382;1851,416;0;-7,048416;-164,5177;-0,200844;0,188828;0;0;0;0;0;0;0;0;0;0;0;0
16;256;00:00:00:256;0;0;0;-1,50185;1,90929;4,42811;-2,352551;-1,077633;8,031991;-4,751407;-4,313487;8,700549;-5,684484;-3,789578;5,766913;-1,869711;1,047011;3,760672;-7,50283;-0,299421;8,608625;-10,8156;-0,888693;12,41682;-12,47386;-1,310248;14,5125;-13,70012;-1,736073;16,23301;-2,35836;-0,039697;2,890706;-8,233387;-1,950764;7,233435;-5,516858;-5,873018;10,22821;-3,887038;-7,959918;11,75174;-2,415154;-9,63414;12,91176;-2,840387;-0,981588;2,069378;-8,418215;-3,278003;5,504199;-5,990872;-6,689323;8,205868;-3,957404;-5,489177;6,706126;-5,759274;-3,916564;5,841037;-3,288708;-1,918687;1,288185;-8,148287;-4,483351;3,468116;-6,244653;-7,22457;5,612999;-4,752229;-6,337818;4,556656;-6,383086;-4,91045;3,770636;-36,19009;-36,94635;64,42755;36,61467;19,30699;-39,88431;80,00904;19,30703;-39,88432;176,3352;19,716;-40,0637;176,3352;19,71602;-40,06371;-36,57008;-36,94635;64,42755;-30,56966;-29,49972;60,27016;-26,70206;-29,87784;59,54036;-22,4438;-30,26523;58,48674;-22,56887;-30,17628;58,73523;-39,59913;-41,72588;69,20032;43,90501;-42,44892;69,74579;46,22952;-43,86948;71,56901;49,04687;-45,22923;72,95798;49,18929;-45,06561;72,75713;-43,85786;-46,66603;75,25295;39,54537;-45,32106;76,16875;141,4318;-46,70697;78,15886;-120,957;-48,60389;73,11308;-121,1159;-48,83574;73,32452;-52,17857;-53,03156;86,01499;38,36605;-46,40496;77,23235;140,3927;-47,56796;78,98605;-121,6691;-49,50314;73,93761;-121,8449;-49,74465;74,16841;0;0;0;302,3683;-107,8589;-49,58675;334,9425;-118,6258;-53,99483;312,2806;11,12786;78,0976;264,9272;113,48;176,2032;254,9447;-59,32168;-9,009741;591,9822;30,93351;154,0483;833,6981;51,55975;226,9916;955,997;59,10171;260,8999;1047,613;62,16985;283,6262;195,1237;3,52536;43,85654;498,6906;127,4873;234,9826;327,8192;27,20039;95,75262;227,1369;-30,69774;14,95264;137,6621;-81,19212;-55,85852;143,1479;61,91384;93,71429;385,4095;208,2453;295,4139;237,7511;116,0658;169,376;156,4315;62,35624;96,9099;265,0467;118,287;177,3034;91,5043;117,9126;141,1617;248,5448;279,1144;340,7287;130,7944;207,4104;242,0916;72,97047;166,645;187,8931;171,3437;217,2718;260,6747;0;0;0;-69,24104;-251,996;78,69457;26,12829;-427,4597;-49,63696;188,9319;-630,4907;-264,1092;173,2192;-488,4409;-173,8486;-34,31797;-238,1769;43,13797;36,65542;-676,8381;-12,0914;-39,41917;-980,7264;-32,6457;-76,86996;-1140,991;-49,14379;-103,9925;-1266,851;-66,95937;9,649514;-220,5997;-1,634181;103,3373;-647,3851;-80,10149;272,5925;-654,074;-249,7405;362,3686;-646,9514;-340,1122;434,1395;-631,7167;-412,7117;47,64747;-204,9884;-40,34328;155,2892;-580,5659;-134,6798;302,6633;-587,7527;-282,345;247,6537;-440,904;-232,4888;181,0141;-482,2633;-164,0954;85,51025;-189,6579;-78,90772;201,1342;-481,9092;-184,3028;319,5355;-488,554;-302,9022;279,0127;-382,6546;-266,0916;218,5249;-419,9638;-204,0153;13,34191;9,792662;0,164966;2,393641;42,49978;0,418324;43,39436;96,38644;8,092599;3,268723;3,505763;3,730194;-6,852345;83,55197;3,571825;3,793696;-12,07349;83,49255;103,3226;93,87175;-13,368;83,17043;103,312;94,14545;4,22699;-2,688589;-32,00066;0;-16,96157;14,17859;0;-0,003147;0;0;0;0;0;0;0;0;0;0;0;0;-191,8212;120,7277;-0,041313;0;-559,1148;142,1502;0,200844;-0,377655;0;0;0;0;0;0;0;0;0;0;0;0
17;272;00:00:00:272;0;0;0;-1,466509;2,111365;4,34748;-2,448971;-0,731434;8,033485;-4,964091;-3,855328;8,800091;-5,869469;-3,397103;5,846845;-1,861182;1,24187;3,705194;-7,583807;0,272157;8,538288;-10,95456;-0,071723;12,32561;-12,64847;-0,364208;14,41476;-13,90707;-0,688965;16,13396;-2,383351;0,146056;2,866692;-8,364843;-1,395249;7,211061;-5,826399;-5,315581;10,3606;-4,290863;-7,410777;11,96836;-2,8942;-9,099952;13,19764;-2,893797;-0,803754;2,07209;-8,585094;-2,771441;5,524773;-6,313537;-6,180306;8,361634;-4,222675;-5,108716;6,843558;-5,95553;-3,498687;5,909085;-3,370731;-1,748717;1,317778;-8,343599;-4,053354;3,532353;-6,564884;-6,791693;5,785419;-5,030499;-5,99782;4,715396;-6,598712;-4,536693;3,866447;-37,82715;-35,47786;63,21425;35,49349;17,8966;-42,37728;78,62122;17,89664;-42,37728;174,9488;18,30139;-42,56551;174,9488;18,30142;-42,56553;-38,20715;-35,47785;63,21426;-32,23048;-28,23174;58,94466;-28,38725;-28,62821;58,23659;-24,16147;-29,0425;57,2093;-24,27894;-28,94714;57,45163;-41,17861;-40,15186;68,05485;42,32844;-40,86349;68,61324;44,68732;-42,24731;70,44152;47,52533;-43,58013;71,84222;47,66388;-43,42033;71,64099;-45,32193;-44,97486;74,1225;38,15215;-43,61443;74,96429;140,0904;-44,96696;76,94073;-122,5652;-46,95062;72,1236;-122,7221;-47,17846;72,33783;-53,30074;-51,18061;84,72011;36,99202;-44,68015;76,03269;139,067;-45,81461;77,77029;-123,2691;-47,8344;72,95866;-123,4423;-48,07164;73,19187;0;0;0;301,3058;-111,5554;-48,38381;335,0777;-125,5952;-55,25033;314,067;1,509234;72,91849;267,2609;106,6815;172,272;254,3953;-62,82065;-8,337557;592,3824;20,97077;153,9543;833,8154;39,10246;226,8752;956,0054;45,33194;260,7315;1047,571;47,37197;283,3835;195,2204;0,278021;43,86042;500,0714;117,9475;233,8731;331,6561;17,47555;92,13844;232,2785;-40,36456;10,00316;143,8484;-90,67305;-61,88177;143,8033;58,89086;93,14006;387,5631;199,6812;293,4836;242,0428;107,3198;165,2661;159,9497;55,78257;93,52192;267,5898;111,1421;174,9301;92,71618;115,1095;140,0116;251,3884;271,9949;338,0475;135,3557;200,1322;237,6597;76,96133;160,9336;183,9946;174,4496;211,0452;257,6971;0;0;0;-63,75074;-221,7894;72,17681;8,109569;-418,1678;-75,32966;107,1868;-577,1174;-310,7471;140,0256;-407,9146;-235,8756;-32,96327;-209,9383;40,33103;24,01256;-597,7643;-5,638361;7,038116;-747,4377;-6,986618;0,50354;-826,1865;-10,10084;-2,57492;-887,873;-14,55831;5,801439;-194,8403;0,232637;82,84949;-572,3884;-66,57171;230,215;-583,4904;-216,8512;308,4941;-580,0089;-296,9688;371,1812;-568,8561;-361,3951;39,32118;-181,3785;-34,45422;129,2124;-513,8475;-115,8171;257,5035;-524,7631;-246,5994;211,087;-394,4202;-203,2793;152,5883;-428,695;-142,3995;72,71325;-168,1859;-69,00214;170,6128;-427,1707;-160,8725;273,6768;-436,688;-265,9106;239,4515;-342,6876;-233,9072;186,3513;-373,5981;-178,6551;13,33273;9,767746;0,146969;2,398424;42,70848;0,284491;43,12771;96,38642;7,976219;3,270699;3,505763;3,730194;-6,852345;83,55197;3,571825;3,793696;-12,07349;83,49255;103,3226;93,87175;-13,368;83,17043;103,312;94,14545;12,52235;-8,029947;-15,99884;-0,000916;-6,982784;0,118561;0;0;0;0;0;0;0;0;0;0;0;0;0;0;497,7218;-320,4815;960,1089;-0,054932;598,7274;-843,6014;0;0,188828;0;0;0;0;0;0;0;0;0;0;0;0
18;288;00:00:00:288;0;0;0;-1,450726;2,171865;4,322904;-2,470513;-0,629068;8,030757;-5,02381;-3,716101;8,820145;-5,92113;-3,270801;5,862465;-1,854648;1,301125;3,688097;-7,600838;0,450116;8,515588;-10,98291;0,188631;12,2994;-12,68441;-0,06052;14,388;-13,95035;-0,351349;16,10788;-2,388399;0,203767;2,858959;-8,399372;-1,22031;7,202646;-5,917881;-5,141031;10,39677;-4,412611;-7,239402;12,02883;-3,040197;-8,933771;13,2781;-2,908713;-0,747323;2,072327;-8,632645;-2,610059;5,529276;-6,410856;-6,019104;8,405068;-4,303032;-4,988554;6,882042;-6,013328;-3,366249;5,927454;-3,395555;-1,69359;1,326023;-8,402275;-3,914289;3,550067;-6,663471;-6,652452;5,834288;-5,116655;-5,888267;4,760557;-6,664392;-4,416061;3,893365;-38,29592;-35,0456;62,76967;35,17382;17,54612;-43,16628;78,30154;17,54616;-43,16629;174,6296;17,94992;-43,35651;174,6296;17,94994;-43,35654;-38,67591;-35,0456;62,76966;-32,68542;-27,78761;58,41959;-28,85007;-28,18906;57,71806;-24,63503;-28,61068;56,69891;-24,74998;-28,51359;56,93933;-41,62824;-39,68879;67,62817;41,88005;-40,39708;68,19003;44,2496;-41,77027;70,01926;47,09435;-43,09528;71,4228;47,23166;-42,93657;71,22153;-45,73566;-44,47792;73,69843;37,75778;-43,11328;74,51984;139,7115;-44,45623;76,49211;-123,0186;-46,46417;71,73843;-123,1747;-46,69084;71,95335;-53,61441;-50,63818;84,24837;36,60371;-44,17374;75,58929;138,693;-45,30003;77,3221;-123,7196;-47,34342;72,57606;-123,8919;-47,57944;72,80982;0;0;0;299,1853;-123,6799;-43,54606;340,6224;-146,7775;-55,73952;326,5029;-26,53534;66,4055;278,2037;82,8618;167,2163;253,8835;-74,5122;-5,008891;597,2411;-13,32392;158,1746;842,4141;-9,90922;232,3108;966,8823;-11,42049;266,5401;1060,498;-15,44176;289,2556;196,7198;-10,86721;45,30124;507,9588;84,61665;235,2155;350,2286;-15,97063;84,19516;256,508;-73,31308;-2,99415;172,5912;-122,7243;-79,0345;147,0079;48,22081;92,97734;397,5759;169,2876;292,2491;261,4027;76,77876;155,9201;175,8659;32,95489;85,276;279,3653;86,0694;170,8472;97,63757;104,9114;138,2361;263,1071;246,1951;334,1933;154,5695;174,1596;227,3146;93,65755;140,5338;174,4702;187,3872;188,6198;251,9485;0;0;0;-127,2282;-727,4701;290,2647;332,6869;-1270,937;-29,35159;746,1533;-1682,674;-390,7792;656,5661;-1429,18;-303,3392;-30,70306;-701,4931;199,7199;291,5182;-2057,681;253,217;515,9225;-2940,7;326,1394;652,6165;-3405,146;348,5155;775,6519;-3768,824;352,3235;89,96629;-668,7136;86,44902;473,2446;-1999,85;80,54351;1114,35;-2006,771;-476,5963;1453,77;-1976,911;-779,8387;1724,567;-1923,076;-1029,164;192,2772;-640,2029;-9,76324;600,7661;-1823,62;-74,06902;1161,594;-1832,461;-560,759;954,9736;-1369,661;-494,7549;706,5239;-1504,36;-244,9715;295,2829;-611,8898;-106,5352;703,1249;-1547,989;-231,2536;1152,832;-1558,358;-620,7089;1001,773;-1223,989;-571,4636;776,2556;-1345,521;-344,9178;13,34017;9,765281;0,147764;2,396125;42,82362;0,210053;43,1277;96,38644;8,025756;3,269861;3,505819;3,730194;-6,852345;83,55197;3,571825;3,793696;-12,07349;83,49255;103,3226;93,87175;-13,368;83,17043;103,312;94,14545;6,907882;-4,466286;-0,000229;0,001373;2,972202;-0,050282;0,003347;0;0;0;0;0;0;0;0;0;0;0;0;0;-336,8682;213,8197;959,9166;0,137329;597,2991;-10,1306;0,200844;0;0;0;0;0;0;0;0;0;0;0;0;0
19;304;00:00:00:304;0;0;0;-1,42058;2,256194;4,289597;-2,478379;-0,487821;8,029223;-5,078723;-3,525427;8,855894;-5,973697;-3,098214;5,89484;-1,837953;1,383372;3,666458;-7,603996;0,695332;8,496253;-10,99075;0,549867;12,28213;-12,69666;0,361914;14,37351;-13,96776;0,119155;16,09705;-2,388613;0,283387;2,851989;-8,428203;-0,98004;7,205668;-6,016133;-4,895733;10,4586;-4,547936;-6,995426;12,12242;-3,205387;-8,694417;13,3976;-2,923481;-0,669987;2,077985;-8,682097;-2,389199;5,551646;-6,520814;-5,793543;8,478661;-4,394188;-4,819448;6,944657;-6,076166;-3,182782;5,964608;-3,424857;-1,618523;1,34429;-8,470585;-3,724814;3,591352;-6,78034;-6,458806;5,916645;-5,219653;-5,735435;4,834743;-6,741692;-4,250281;3,944451;-38,84142;-34,3695;62,13499;34,63784;17,17867;-44,22962;77,76555;17,17871;-44,22963;174,0937;17,58075;-44,42342;174,0937;17,58077;-44,42343;-39,22141;-34,3695;62,13499;-33,2186;-27,06153;57,67014;-29,39518;-27,4688;56,97752;-25,19666;-27,89906;55,96977;-25,30774;-27,79992;56,20752;-42,13184;-38,97712;67,00209;41,38042;-39,6816;67,56616;43,77028;-41,04298;69,39101;46,62933;-42,35939;70,79303;46,76432;-42,20189;70,5924;-46,17042;-43,72909;73,05574;37,34718;-42,36012;73,85321;139,3279;-43,69317;75,81363;-123,5051;-45,72631;71,14361;-123,6592;-45,95171;71,35842;-53,88097;-49,845;83,508;36,20543;-43,41509;74,91965;138,3195;-44,53307;76,64054;-124,1981;-46,60072;71,98055;-124,368;-46,83541;72,21393;0;0;0;298,2384;-127,3099;-42,07147;341,4678;-153,6776;-56,31906;329,481;-35,91462;64,19679;281,0126;74,78259;165,7959;253,4915;-78,06749;-3,983058;598,2629;-24,00144;159,5366;844,6579;-25,5169;233,8064;969,8695;-29,62099;268,0279;1064,154;-35,67227;290,6702;197,0227;-14,32986;45,76521;510,0305;74,12029;235,7204;355,7175;-26,44365;82,0248;263,8128;-83,59556;-6,622106;181,351;-132,6952;-83,86248;147,9028;44,83492;92,96311;400,4288;159,6046;291,9789;267,2418;67,10663;153,314;180,6873;25,74514;82,96698;282,8331;78,12311;169,7451;99,12702;101,6037;137,7414;266,6277;237,8512;333,1305;160,4848;165,8052;224,3824;98,82688;133,9605;171,7605;191,3279;181,3819;250,3334;0;0;0;-56,81705;-217,799;88,47534;50,72021;-414,0065;-34,77216;178,688;-562,7569;-132,5226;168,5328;-484,7531;-85,22701;-23,52333;-213,3172;61,54998;61,30885;-640,6512;81,72153;134,6283;-936,4609;89,73598;179,2316;-1092,03;89,26391;219,3604;-1213,83;84,87653;18,17465;-207,7592;27,83865;124,3028;-629,7816;30,29537;329,3323;-628,3812;-130,2212;438,2916;-616,9485;-217,6774;525,5856;-598,2506;-289,6786;53,69568;-203,1535;-0,853658;171,1779;-580,9764;-16,21055;350,348;-580,3281;-156,3649;289,2866;-432,5852;-138,5414;208,0693;-476,7773;-66,12682;89,36726;-198,4591;-29,68096;211,2308;-500,6332;-63,76933;354,9149;-501,2669;-175,9286;310,1599;-394,3948;-162,5805;236,4449;-434,2747;-96,90427;13,35446;9,760761;0,150064;2,391881;43,03707;0,07089;43,1277;96,38644;8,128616;3,268124;3,505819;3,730194;-6,852345;83,55197;3,571825;3,793696;-12,07349;83,49255;103,3226;93,87175;-13,368;83,17043;103,312;94,14545;12,80708;-8,349781;0;-0,000458;6,171627;-0,104213;0;0;0;0;0;0;0;0;0;0;0;0;0;0;353,952;-233,0097;0,013733;-0,109863;191,9655;-3,235816;-0,200844;0;0;0;0;0;0;0;0;0;0;0;0;0
20;320;00:00:00:320;0;0;0;-1,362424;2,327242;4,270462;-2,431751;-0,370107;8,040634;-5,071458;-3,3607;8,912727;-5,98373;-2,943573;5,955515;-1,796874;1,454215;3,6594;-7,548478;0,913661;8,525038;-10,92308;0,857423;12,32411;-12,62391;0,716304;14,42331;-13,89215;0,510135;16,15371;-2,3692;0,354036;2,860274;-8,405941;-0,762807;7,257755;-6,040242;-4,679535;10,54333;-4,57163;-6,778715;12,20743;-3,211288;-8,474173;13,46838;-2,923186;-0,599355;2,099857;-8,690771;-2,186392;5,621216;-6,569306;-5,591542;8,576287;-4,435226;-4,669177;7,020813;-6,095791;-3,016956;6,030402;-3,443402;-1,547989;1,379526;-8,510644;-3,547392;3,675299;-6,852499;-6,28159;6,02335;-5,285983;-5,595685;4,925591;-6,788597;-4,096496;4,025877;-38,90993;-33,65884;61,25535;33,95429;17,17902;-45,3094;77,08201;17,17905;-45,3094;173,4087;17,57887;-45,50821;173,4087;17,57888;-45,50822;-39,28992;-33,65884;61,25536;-33,37714;-26,45945;56,88343;-29,56242;-26,86846;56,19579;-25,37643;-27,30143;55,19497;-25,48454;-27,20163;55,43108;-42,12741;-38,26419;66,08136;41,39393;-38,96875;66,63963;44,39257;-40,33085;68,44469;47,80826;-41,65884;69,81199;47,93708;-41,49831;69,61788;-46,06285;-43,02045;72,0639;37,46562;-41,65262;72,85597;139,4819;-42,98909;74,78996;-123,4273;-45,01546;70,17033;-123,5773;-45,24109;70,38198;-53,56611;-49,162;82,35059;36,34376;-42,70935;73,90723;138,4898;-43,83067;75,60394;-124,1042;-45,89075;70,99477;-124,2695;-46,12572;71,22459;0;0;0;296,4296;-132,3697;-40,07303;341,4829;-162,92;-56,98643;332,1579;-48,39339;61,02454;283,8694;63,92004;163,3595;252,4898;-83,00233;-2,68469;598,4524;-38,7144;160,6967;844,4844;-47,20717;234,9343;969,6196;-54,99168;269,0366;1063,943;-63,93388;291,4974;197,0355;-19,10705;46,18344;511,7603;59,70406;235,5391;361,6126;-41,16151;78,31518;272,2151;-98,31985;-14,06537;192,0271;-147,0716;-95,7123;148,7889;40,19479;92,62367;403,396;146,353;290,6368;273,8393;53,57294;148,8985;186,1567;15,59885;79,21005;286,6034;67,11512;167,5159;100,8851;97,09972;136,6454;270,7262;226,4827;330,6534;167,4969;154,1864;219,441;105,0068;124,7906;167,3094;195,9659;171,4351;247,2682;0;0;0;-108,5258;-303,5867;119,9067;0,908375;-554,5406;-40,04251;160,6107;-748,7264;-190,3349;171,4125;-651,7524;-146,1782;-60,1015;-296,0908;77,90206;11,3697;-882,7776;69,60296;-10,4084;-1301,416;67,67177;-14,99176;-1522,241;60,52207;-12,68005;-1695,697;49,63159;0,7689;-286,6316;25,09403;103,7893;-864,9731;-10,87904;353,7068;-883,0717;-222,5776;504,1379;-883,4578;-446,5958;640,5694;-862,5848;-710,9892;53,16281;-278,4079;-20,36655;178,03;-795,0961;-80,53064;395,8511;-812,0212;-264,9321;328,1629;-608,777;-225,4153;226,2168;-660,4792;-133,755;105,4874;-270,239;-65,7606;245,9135;-682,1107;-148,6244;420,7263;-697,1254;-296,4864;370,7925;-550,1947;-267,07;278,2817;-596,8086;-183,9123;13,35943;9,732269;0,153463;2,387582;43,25414;-0,072229;43,1277;96,38643;8,00663;3,27022;3,505763;3,730246;-6,852345;83,55197;4,15025;4,314341;-12,07349;83,49255;103,3226;93,87175;-13,368;83,17043;103,312;94,14545;13,02452;-8,58716;0;-0,000458;-7,319183;0,125756;-0,003347;0,003147;0;0;34,70551;31,23868;0;0;0;0;0;0;0;0;13,04626;-14,24274;0;0;-809,4485;13,79814;-0,200844;0,188828;0;0;2082,33;1874,321;0;0;0;0;0;0;0;0
21;336;00:00:00:336;0;0;0;-1,321367;2,367859;4,261025;-2,394023;-0,30126;8,050297;-5,097216;-3,256305;8,84571;-5,962252;-2,782561;5,882838;-1,766883;1,495166;3,6575;-7,50237;1,04187;8,550994;-10,86455;1,037432;12,36148;-12,55951;0,923469;14,46707;-13,82373;0,738487;16,20279;-2,35328;0,395462;2,867979;-8,38149;-0,634337;7,298286;-6,039636;-4,552568;10,59912;-4,504564;-6,639825;12,21761;-3,037297;-8,305655;13,39542;-2,919749;-0,557392;2,116134;-8,687154;-2,065617;5,672253;-6,585999;-5,472068;8,64031;-4,449831;-4,580514;7,069804;-6,098591;-2,918676;6,075768;-3,452231;-1,505559;1,404199;-8,52862;-3,440827;3,734463;-6,886888;-6,175789;6,093135;-5,318563;-5,512218;4,984284;-6,810469;-4,004348;4,081263;-38,86805;-33,21532;60,67687;33,50498;17,21291;-45,97898;78,23271;17,21296;-45,979;174,5618;17,61649;-46,16938;174,5618;17,61651;-46,16939;-39,24805;-33,21533;60,67688;-33,39808;-26,0834;56,378;-29,58848;-26,49267;55,69279;-25,40993;-26,92609;54,69552;-25,51628;-26,82618;54,93077;-42,03597;-37,82517;65,4696;41,49171;-38,53045;66,02303;46,32708;-39,89514;67,81347;51,4305;-41,25768;69,11159;51,54836;-41,08833;68,93255;-45,90314;-42,59128;71,39996;37,62983;-41,22513;72,1919;139,6691;-42,56594;74,10744;-123,2822;-44,58265;69,51271;-123,4294;-44,80865;69,72195;-53,2744;-48,76046;81,57516;36,52126;-42,28415;73,23191;138,6878;-43,4095;74,91193;-123,948;-45,45945;70,32765;-124,1102;-45,69486;70,55473;0;0;0;292,9402;-136,6326;-38,92493;338,4582;-170,3616;-58,04845;327,2017;-53,93035;54,77169;284,0249;60,22575;153,8098;250,0251;-87,25288;-2,261236;595,1213;-51,81418;158,9696;839,9899;-65,67133;232,4758;964,5894;-76,27161;266,1416;1058,558;-87,41377;288,2161;195,8708;-23,34596;45,68632;510,4246;46,67007;232,4138;363,0591;-54,13342;73,23132;274,5251;-111,4701;-24,90788;194,7804;-159,852;-114,6372;148,7712;35,95687;91,31132;403,9164;134,1846;286,4626;276,7488;41,45291;143,0409;188,619;6,582543;74,64073;287,7809;57,16555;163,5682;101,9978;92,86765;134,5312;273,1298;215,8373;325,6165;171,8265;143,5535;213,0386;108,9865;116,4056;161,8586;198,7802;162,208;242,3827;0;0;0;-209,3611;-255,774;68,88592;-181,4818;-446,4998;-63,72105;-297,3733;-332,2171;-375,1709;9,328364;-221,6577;-572,9863;-147,8848;-255,033;25,40722;-199,8653;-785,9868;-103,6241;-269,6685;-1107,85;-147,51;-301,815;-1276,796;-173,6998;-323,0896;-1408,793;-196,8741;-69,88548;-254,3348;-29,82759;-80,14297;-782,0397;-187,5129;86,79342;-778,3141;-305,0315;138,5965;-789,015;-650,5509;165,1969;-766,822;-1135,497;-1,060009;-254,2754;-78,74107;31,2252;-730,1072;-250,4511;174,571;-727,2017;-351,4552;147,7346;-540,9786;-274,1593;70,65295;-596,9742;-236,8605;66,76125;-253,9247;-126,8506;144,2141;-638,7205;-302,2113;259,7744;-637,9766;-384,1409;238,7867;-503,0994;-327,0485;168,8561;-553,6258;-293,1304;13,44254;9,772349;0,272649;2,336217;43,36168;-0,143766;44,7277;96,38644;7,924318;3,271597;3,505763;3,730246;-6,852345;83,55197;5,966079;5,948837;-12,07349;83,49255;103,3226;93,87175;-13,368;83,17043;103,312;94,14545;6,45195;-4,292192;95,9999;0,000458;-4,938697;0,082612;0;0;0;0;108,9497;98,06977;0;0;0;0;0;0;0;0;-394,3542;257,6981;5759,994;0,054932;142,8291;-2,588654;0,200844;-0,188828;0;0;4454,651;4009,865;0;0;0;0;0;0;0;0
22;352;00:00:00:352;0;0;0;-1,278054;2,40869;4,251339;-2,355443;-0,230309;8,060313;-5,115459;-3,147421;8,798558;-5,942051;-2,629894;5,832036;-1,735115;1,536687;3,655499;-7,452777;1,173413;8,577283;-10,80176;1,221695;12,39907;-12,49049;1,135345;14,51097;-13,75042;0,971885;16,25196;-2,33619;0,43792;2,875771;-8,35449;-0,501834;7,33944;-6,037631;-4,422246;10,65528;-4,414869;-6,492848;12,2083;-2,813253;-8,113879;13,26763;-2,915678;-0,513967;2,132675;-8,681985;-1,940421;5,724138;-6,602121;-5,348794;8,704957;-4,464126;-4,489191;7,119198;-6,100414;-2,817134;6,121696;-3,460954;-1,461254;1,429305;-8,546146;-3,329678;3,794665;-6,921615;-6,065881;6,163783;-5,351658;-5,425481;5,043674;-6,832253;-3,90839;4,137488;-38,82141;-32,76519;60,06956;33,04652;17,22494;-46,68218;79,0885;17,22496;-46,68218;175,4194;17,63119;-46,86625;175,4194;17,63121;-46,86626;-39,20141;-32,76519;60,06956;-33,41663;-25,70891;55,85006;-29,61208;-26,11841;55,1672;-25,4409;-26,55226;54,1734;-25,5455;-26,45223;54,40782;-41,93946;-37,37986;64,82879;41,5946;-38,0859;65,37733;48,82353;-39,4533;67,15314;56,12721;-40,85801;68,36327;56,23107;-40,67818;68,2042;-45,73819;-42,15619;70,70688;37,79927;-40,79176;71,4988;139,8615;-42,13707;73,39587;-123,1319;-44,1438;68,82561;-123,2762;-44,3702;69,03251;-52,97765;-48,35356;80,77079;36,70401;-41,85315;72,52752;138,891;-42,98266;74,19088;-123,7866;-45,02215;69,63108;-123,9456;-45,25801;69,85548;0;0;0;290,4768;-139,0696;-38,35874;336,0089;-174,8009;-58,93685;325,1424;-56,56911;56,37695;282,5364;55,12679;153,2836;248,2256;-89,70994;-2,147242;592,3548;-59,50667;157,4122;835,9901;-76,48398;230,3012;959,978;-88,72003;263,6192;1053,5;-101,1385;285,4021;194,9155;-25,83153;45,22403;508,9575;38,96187;229,982;363,0228;-61,75144;69,8841;271,6623;-119,7187;-33,02174;187,4642;-168,298;-129,3562;148,565;33,43909;90,33472;403,6993;126,9381;283,4004;277,7505;34,28444;139,1995;189,4953;1,262806;71,70126;287,9489;51,26875;160,8463;102,5276;90,32184;133,0508;274,2083;209,4435;322,0667;173,8897;137,2054;208,8515;110,9414;111,3976;158,3369;200,0926;156,6791;239,0595;0;0;0;-147,8062;-146,219;33,97142;-146,9636;-266,3598;-53,30372;-123,559;-158,3254;96,31526;-89,31255;-305,9374;-31,57138;-107,9664;-147,4231;6,839633;-165,988;-461,5491;-93,44315;-239,994;-648,7587;-130,4741;-276,6838;-746,9054;-151,3409;-303,503;-823,4825;-168,8404;-57,31343;-149,1339;-27,73726;-88,02509;-462,4922;-145,9122;-2,180099;-457,0817;-200,8331;-171,7686;-494,9183;-486,8316;-438,976;-506,7658;-883,1392;-12,37392;-151,0663;-58,59625;-13,02338;-434,7875;-183,7334;60,09578;-430,1083;-230,4826;52,58131;-319,1842;-176,3688;10,07938;-353,8084;-163,3172;31,78453;-152,7486;-88,82259;64,71347;-383,6331;-212,9903;123,7972;-380,8858;-251,2264;117,2891;-300,481;-211,2966;78,74107;-331,7313;-199,3904;13,50993;9,754567;0,379526;2,301848;43,44943;-0,202474;46,042;96,38643;7,831856;3,273152;3,505819;3,730246;-6,852345;83,55197;8,338329;8,084176;-12,07349;83,49255;103,3226;93,87175;-13,368;83,17043;103,312;94,14545;5,265426;-3,522491;78,85757;-0,000458;-5,547723;0,093312;0,003347;0;0;0;142,335;128,1203;0;0;0;0;0;0;0;0;-71,19141;46,18207;-1028,54;-0,054932;-36,54156;0,642014;0,200844;0;0;0;2003,12;1803,034;0;0;0;0;0;0;0;0
23;368;00:00:00:368;0;0;0;-1,187277;2,472181;4,241202;-2,27381;-0,130814;8,072289;-5,155845;-2,962862;8,660162;-5,892493;-2,328409;5,692646;-1,66902;1,60594;3,656505;-7,351979;1,413712;8,627884;-10,68556;1,543485;12,46122;-12,36798;1,499067;14,57944;-13,62451;1,367644;16,3256;-2,301431;0,514768;2,891029;-8,301886;-0,250694;7,411651;-6,046999;-4,195425;10,74135;-4,124369;-6,195412;12,02047;-2,119887;-7,597537;12,59596;-2,908616;-0,429757;2,160764;-8,675529;-1,694714;5,811283;-6,648739;-5,124916;8,803598;-4,505136;-4,327385;7,193173;-6,111306;-2,626744;6,195045;-3,481162;-1,370136;1,469905;-8,587489;-3,102573;3,892549;-7,005751;-5,855467;6,271269;-5,431096;-5,260285;5,132965;-6,884376;-3,71736;4,226181;-38,62559;-32,11177;58,66015;32,35721;17,57881;-48,14311;81,31349;17,57884;-48,14312;177,6483;17,99157;-48,31082;177,6483;17,9916;-48,31082;-39,00559;-32,11177;58,66015;-33,39139;-25,38185;54,73499;-29,59108;-25,79109;54,05383;-25,42616;-26,22467;53,06266;-25,5293;-26,12469;53,29647;-41,66555;-36,74229;63,35935;41,87875;-37,45043;63,89892;57,48985;-38,82505;65,65013;72,51154;-40,35429;66,55848;72,56654;-40,14785;66,4734;-45,35927;-41,54415;69,14969;38,1815;-40,18369;69,94624;140,2783;-41,53888;71,81351;-122,7686;-43,52282;67,26971;-122,9085;-43,75017;67,47243;-52,40287;-47,79964;79,03874;37,10687;-41,25036;70,95594;139,3246;-42,38879;72,59255;-123,4057;-44,4049;68,05877;-123,5598;-44,6418;68,27856;0;0;0;287,8781;-141,5194;-37,77761;333,0063;-180,1913;-60,6814;318,25;-55,47783;53,01077;281,2661;55,7319;145,1504;246,3195;-92,20123;-2,027146;589,3792;-67,39925;155,8349;830,0981;-87,59196;228,331;952,5825;-101,5125;261,4204;1044,953;-115,2441;283,0053;193,8901;-28,37901;44,75648;507,3376;31,01171;227,5127;362,9025;-69,57076;66,51404;270,3424;-125,7461;-58,69862;184,7236;-164,2609;-186,9829;148,3207;30,83359;89,34228;403,3893;119,4263;280,2872;278,7177;26,88798;135,3207;190,353;-4,216633;68,73759;288,0582;45,17624;158,0906;103,051;87,66358;131,5444;275,2599;202,7745;318,4546;175,9734;130,6109;204,6127;112,9271;106,1934;154,7736;201,3996;150,9216;235,686;0;0;0;-155,9243;-146,9915;34,86746;-180,1529;-323,4207;-104,673;-413,5408;65,47665;-201,9703;-76,21908;36,30638;-487,9918;-114,3637;-149,4777;7,205754;-178,5364;-473,5554;-94,63905;-353,5137;-666,4792;-118,2117;-443,7332;-767,5473;-131,9275;-512,8097;-846,3392;-143,8093;-61,52415;-152,8489;-28,05322;-97,19753;-477,009;-148,1538;-7,21836;-469,1588;-202,2039;-79,19311;-361,639;-1540,612;-164,4359;242,2299;-3457,598;-14,65487;-156,3302;-59,54611;-18,60523;-450,7084;-186,789;58,03727;-443,7874;-232,727;51,45908;-328,7664;-177,8197;6,560326;-365,55;-165,3385;31,4033;-159,4952;-90,38185;63,09699;-400,137;-216,7253;125,0181;-395,6687;-254,3292;119,1437;-312,2506;-213,8028;78,42207;-345,4513;-202,4102;13,65667;9,468476;0,623929;2,25023;43,77318;-0,421228;48,95627;96,38643;7,429435;3,279964;3,505708;3,730194;-6,852345;83,55197;16,68542;15,59745;-12,07349;83,49255;103,3226;93,87175;-13,368;83,17043;103,312;94,14545;19,42474;-13,12526;174,8563;0;-24,14526;0,408697;-0,006695;-0,003147;0;0;500,8256;450,7965;0;0;0;0;0;0;0;0;849,5589;-576,1659;5759,925;0,027466;-1115,852;18,92309;-0,602531;-0,188828;0;0;21509,43;19360,57;0;0;0;0;0;0;0;0
